pass,seed,p0Archetype,p1Archetype,p0Profile,p1Profile,firstPlayer,winner,endReason,rounds,arenaSeen,fatigueSeen,reshuffleSeen,unusedMpP0,unusedMpP1,turnsP0,turnsP1,cardsPlayedP0,cardsPlayedP1,deadOpeningP0,deadOpeningP1,critsP0,critsP1,evadesP0,evadesP1,poisonDamageP0,poisonDamageP1
job,1,warrior,warrior,balanced,balanced,1,0,normalDamage,7,false,false,false,2,5,6,7,11,11,false,false,0,0,0,0,0,0
job,2,warrior,warrior,balanced,balanced,1,1,normalDamage,5,false,false,false,0,0,4,4,5,6,false,false,0,0,0,0,0,0
job,3,warrior,warrior,balanced,balanced,0,1,normalDamage,5,false,false,false,0,0,5,4,5,6,false,false,0,0,0,0,0,0
job,4,warrior,warrior,balanced,balanced,0,0,normalDamage,6,false,false,false,1,0,5,5,9,6,false,false,0,0,0,0,0,0
job,5,warrior,warrior,balanced,balanced,0,0,normalDamage,6,false,false,false,0,1,5,5,7,6,false,false,0,0,0,0,0,0
job,6,warrior,warrior,balanced,balanced,1,0,normalDamage,6,false,false,false,0,1,5,6,9,10,false,false,0,0,0,0,0,0
job,7,warrior,warrior,balanced,balanced,0,1,normalDamage,6,false,false,false,1,0,6,5,10,10,false,false,0,0,0,0,0,0
job,8,warrior,warrior,balanced,balanced,1,0,normalDamage,6,false,false,false,0,1,5,6,9,9,false,false,0,0,0,0,0,0
job,9,warrior,warrior,balanced,balanced,0,0,normalDamage,8,false,false,false,5,2,7,7,12,11,false,false,0,0,0,0,0,0
job,10,warrior,warrior,balanced,balanced,1,0,normalDamage,7,false,false,false,1,4,6,7,11,11,false,false,0,0,0,0,0,0
job,11,warrior,warrior,balanced,balanced,1,1,normalDamage,6,false,false,false,0,0,5,5,6,7,false,false,0,0,0,0,0,0
job,12,warrior,warrior,balanced,balanced,0,0,normalDamage,7,false,false,false,1,0,6,6,10,9,false,false,0,0,0,0,0,0
job,13,warrior,warrior,balanced,balanced,0,1,normalDamage,7,false,false,false,5,1,7,6,11,11,false,false,0,0,0,0,0,0
job,14,warrior,warrior,balanced,balanced,0,0,normalDamage,7,false,false,false,2,1,6,6,9,10,false,false,0,0,0,0,0,0
job,15,warrior,warrior,balanced,balanced,0,1,normalDamage,6,false,false,false,1,0,6,5,10,9,false,false,0,0,0,0,0,0
job,16,warrior,warrior,balanced,balanced,0,1,normalDamage,7,false,false,false,2,1,7,6,11,11,false,false,0,0,0,0,0,0
job,17,warrior,warrior,balanced,balanced,0,0,normalDamage,6,false,false,false,1,0,5,5,8,6,false,false,0,0,0,0,0,0
job,18,warrior,warrior,balanced,balanced,0,1,normalDamage,5,false,false,false,0,0,5,4,6,7,false,false,0,0,0,0,0,0
job,19,warrior,warrior,balanced,balanced,1,1,normalDamage,6,false,false,false,0,0,5,5,7,8,false,false,0,0,0,0,0,0
job,20,warrior,warrior,balanced,balanced,1,0,normalDamage,6,false,false,false,0,1,5,6,8,8,false,false,0,0,0,0,0,0
job,21,warrior,warrior,balanced,balanced,1,1,normalDamage,6,false,false,false,0,1,5,5,7,8,false,false,0,0,0,0,0,0
job,22,warrior,warrior,balanced,balanced,0,0,normalDamage,6,false,false,false,0,0,5,5,8,7,false,false,0,0,0,0,0,0
job,23,warrior,warrior,balanced,balanced,0,1,normalDamage,6,false,false,false,2,0,6,5,10,8,false,false,0,0,0,0,0,0
job,24,warrior,warrior,balanced,balanced,0,1,normalDamage,7,false,false,false,1,0,7,6,11,11,false,false,0,0,0,0,0,0
job,25,warrior,warrior,balanced,balanced,0,0,normalDamage,6,false,false,false,0,0,5,5,7,7,false,false,0,0,0,0,0,0
job,26,warrior,warrior,balanced,balanced,0,0,normalDamage,6,false,false,false,0,0,5,5,8,6,false,false,0,0,0,0,0,0
job,27,warrior,warrior,balanced,balanced,0,0,normalDamage,7,false,false,false,2,0,6,6,10,9,false,false,0,0,0,0,0,0
job,28,warrior,warrior,balanced,balanced,1,1,normalDamage,5,false,false,false,0,0,4,4,6,6,false,false,0,0,0,0,0,0
job,29,warrior,warrior,balanced,balanced,1,0,normalDamage,6,false,false,false,0,1,5,6,9,9,false,false,0,0,0,0,0,0
job,30,warrior,warrior,balanced,balanced,1,1,normalDamage,6,false,false,false,1,1,5,5,7,7,false,false,0,0,0,0,0,0
job,31,warrior,warrior,balanced,balanced,1,0,normalDamage,7,false,false,false,1,6,6,7,11,10,false,false,0,0,0,0,0,0
job,32,warrior,warrior,balanced,balanced,0,0,normalDamage,6,false,false,false,1,1,5,5,9,7,false,false,0,0,0,0,0,0
job,33,warrior,warrior,balanced,balanced,1,1,normalDamage,6,false,false,false,1,0,5,5,7,8,false,false,0,0,0,0,0,0
job,34,warrior,warrior,balanced,balanced,1,0,normalDamage,6,false,false,false,1,0,5,6,9,8,false,false,0,0,0,0,0,0
job,35,warrior,warrior,balanced,balanced,0,1,normalDamage,7,false,false,false,2,0,7,6,11,11,false,false,0,0,0,0,0,0
job,36,warrior,warrior,balanced,balanced,0,0,normalDamage,7,false,false,false,1,1,6,6,11,10,false,false,0,0,0,0,0,0
job,37,warrior,warrior,balanced,balanced,1,1,normalDamage,6,false,false,false,0,0,5,5,7,7,false,false,0,0,0,0,0,0
job,38,warrior,warrior,balanced,balanced,1,1,normalDamage,6,false,false,false,0,1,5,5,7,7,false,false,0,0,0,0,0,0
job,39,warrior,warrior,balanced,balanced,0,0,normalDamage,6,false,false,false,0,1,5,5,7,6,false,false,0,0,0,0,0,0
job,40,warrior,warrior,balanced,balanced,1,0,normalDamage,7,false,false,false,2,4,6,7,11,11,false,false,0,0,0,0,0,0
job,41,warrior,warrior,balanced,balanced,0,0,normalDamage,7,false,false,false,1,1,6,6,11,8,false,false,0,0,0,0,0,0
job,42,warrior,warrior,balanced,balanced,0,1,normalDamage,7,false,false,false,5,0,7,6,11,11,false,false,0,0,0,0,0,0
job,43,warrior,warrior,balanced,balanced,1,1,normalDamage,6,false,false,false,0,1,5,5,6,9,false,false,0,0,0,0,0,0
job,44,warrior,warrior,balanced,balanced,1,0,normalDamage,6,false,false,false,0,3,5,6,8,10,false,false,0,0,0,0,0,0
job,45,warrior,warrior,balanced,balanced,1,0,normalDamage,6,false,false,false,0,1,5,6,9,9,false,false,0,0,0,0,0,0
job,46,warrior,warrior,balanced,balanced,0,0,normalDamage,7,false,false,false,1,0,6,6,11,10,false,false,0,0,0,0,0,0
job,47,warrior,warrior,balanced,balanced,0,1,normalDamage,6,false,false,false,1,1,6,5,10,8,false,false,0,0,0,0,0,0
job,48,warrior,warrior,balanced,balanced,0,1,normalDamage,7,false,false,false,1,1,7,6,11,11,false,false,0,0,0,0,0,0
job,49,warrior,warrior,balanced,balanced,0,0,normalDamage,6,false,false,false,0,0,5,5,8,6,false,false,0,0,0,0,0,0
job,50,warrior,warrior,balanced,balanced,1,0,normalDamage,5,false,false,false,0,0,4,5,6,6,false,false,0,0,0,0,0,0
job,51,warrior,warrior,balanced,balanced,1,1,normalDamage,7,false,false,false,1,1,6,6,8,11,false,false,0,0,0,0,0,0
job,52,warrior,warrior,balanced,balanced,1,1,normalDamage,5,false,false,false,0,0,4,4,5,7,false,false,0,0,0,0,0,0
job,53,warrior,warrior,balanced,balanced,1,1,normalDamage,6,false,false,false,0,0,5,5,7,8,false,false,0,0,0,0,0,0
job,54,warrior,warrior,balanced,balanced,0,1,normalDamage,6,false,false,false,1,0,6,5,8,9,false,false,0,0,0,0,0,0
job,55,warrior,warrior,balanced,balanced,0,1,normalDamage,7,false,false,false,5,1,7,6,11,9,false,false,0,0,0,0,0,0
job,56,warrior,warrior,balanced,balanced,0,0,normalDamage,7,false,false,false,0,1,6,6,11,10,false,false,0,0,0,0,0,0
job,57,warrior,warrior,balanced,balanced,1,0,normalDamage,6,false,false,false,0,1,5,6,9,8,false,false,0,0,0,0,0,0
job,58,warrior,warrior,balanced,balanced,0,1,normalDamage,7,false,false,false,1,0,7,6,11,11,false,false,0,0,0,0,0,0
job,59,warrior,warrior,balanced,balanced,1,0,normalDamage,7,false,false,false,0,5,6,7,10,11,false,false,0,0,0,0,0,0
job,60,warrior,warrior,balanced,balanced,0,1,normalDamage,6,false,false,false,2,0,6,5,9,7,false,false,0,0,0,0,0,0
job,61,warrior,warrior,balanced,balanced,0,1,normalDamage,6,false,false,false,0,0,6,5,10,7,false,false,0,0,0,0,0,0
job,62,warrior,warrior,balanced,balanced,0,0,normalDamage,8,false,false,false,3,2,7,7,12,11,false,false,0,0,0,0,0,0
job,63,warrior,warrior,balanced,balanced,1,1,normalDamage,6,false,false,false,0,1,5,5,7,9,false,false,0,0,0,0,0,0
job,64,warrior,warrior,balanced,balanced,0,1,normalDamage,7,false,false,false,4,0,7,6,11,11,false,false,0,0,0,0,0,0
job,65,warrior,warrior,balanced,balanced,0,0,normalDamage,6,false,false,false,0,0,5,5,7,7,false,false,0,0,0,0,0,0
job,66,warrior,warrior,balanced,balanced,1,0,normalDamage,7,false,false,false,1,1,6,7,11,11,false,false,0,0,0,0,0,0
job,67,warrior,warrior,balanced,balanced,1,0,normalDamage,6,false,false,false,0,1,5,6,9,8,false,false,0,0,0,0,0,0
job,68,warrior,warrior,balanced,balanced,0,1,normalDamage,7,false,false,false,1,1,7,6,11,11,false,false,0,0,0,0,0,0
job,69,warrior,warrior,balanced,balanced,1,1,normalDamage,6,false,false,false,0,0,5,5,6,7,false,false,0,0,0,0,0,0
job,70,warrior,warrior,balanced,balanced,1,0,normalDamage,7,false,false,false,2,2,6,7,10,11,false,false,0,0,0,0,0,0
job,71,warrior,warrior,balanced,balanced,0,1,normalDamage,6,false,false,false,0,1,6,5,8,8,false,false,0,0,0,0,0,0
job,72,warrior,warrior,balanced,balanced,0,0,normalDamage,6,false,false,false,0,1,5,5,10,7,false,false,0,0,0,0,0,0
job,73,warrior,warrior,balanced,balanced,0,0,normalDamage,5,false,false,false,0,0,4,4,6,5,false,false,0,0,0,0,0,0
job,74,warrior,warrior,balanced,balanced,0,0,normalDamage,6,false,false,false,2,0,5,5,8,8,false,false,0,0,0,0,0,0
job,75,warrior,warrior,balanced,balanced,0,1,normalDamage,7,false,false,false,5,0,7,6,11,9,false,false,0,0,0,0,0,0
job,76,warrior,warrior,balanced,balanced,0,0,normalDamage,6,false,false,false,0,0,5,5,8,8,false,false,0,0,0,0,0,0
job,77,warrior,warrior,balanced,balanced,0,1,normalDamage,6,false,false,false,1,0,6,5,9,7,false,false,0,0,0,0,0,0
job,78,warrior,warrior,balanced,balanced,1,0,normalDamage,7,false,false,false,0,4,6,7,11,11,false,false,0,0,0,0,0,0
job,79,warrior,warrior,balanced,balanced,1,1,normalDamage,7,false,false,false,0,2,6,6,10,11,false,false,0,0,0,0,0,0
job,80,warrior,warrior,balanced,balanced,0,0,normalDamage,6,false,false,false,0,0,5,5,8,7,false,false,0,0,0,0,0,0
job,81,warrior,warrior,balanced,balanced,0,0,normalDamage,7,false,false,false,1,1,6,6,10,9,false,false,0,0,0,0,0,0
job,82,warrior,warrior,balanced,balanced,1,1,normalDamage,7,false,false,false,0,3,6,6,10,9,false,false,0,0,0,0,0,0
job,83,warrior,warrior,balanced,balanced,1,0,normalDamage,7,false,false,false,0,7,6,7,11,10,false,false,0,0,0,0,0,0
job,84,warrior,warrior,balanced,balanced,1,1,normalDamage,6,false,false,false,0,0,5,5,7,8,false,false,0,0,0,0,0,0
job,85,warrior,warrior,balanced,balanced,0,0,normalDamage,6,false,false,false,0,0,5,5,7,7,false,false,0,0,0,0,0,0
job,86,warrior,warrior,balanced,balanced,0,1,normalDamage,6,false,false,false,2,1,6,5,9,8,false,false,0,0,0,0,0,0
job,87,warrior,warrior,balanced,balanced,1,0,normalDamage,7,false,false,false,1,3,6,7,10,11,false,false,0,0,0,0,0,0
job,88,warrior,warrior,balanced,balanced,1,1,normalDamage,6,false,false,false,1,0,5,5,8,9,false,false,0,0,0,0,0,0
job,89,warrior,warrior,balanced,balanced,1,1,normalDamage,6,false,false,false,0,1,5,5,7,7,false,false,0,0,0,0,0,0
job,90,warrior,warrior,balanced,balanced,1,1,normalDamage,7,false,false,false,1,0,6,6,9,10,false,false,0,0,0,0,0,0
job,91,warrior,warrior,balanced,balanced,1,1,normalDamage,6,false,false,false,0,0,5,5,7,8,false,false,0,0,0,0,0,0
job,92,warrior,warrior,balanced,balanced,0,0,normalDamage,6,false,false,false,0,0,5,5,8,7,false,false,0,0,0,0,0,0
job,93,warrior,warrior,balanced,balanced,1,1,normalDamage,6,false,false,false,0,1,5,5,7,8,false,false,0,0,0,0,0,0
job,94,warrior,warrior,balanced,balanced,1,0,normalDamage,7,false,false,false,1,5,6,7,10,11,false,false,0,0,0,0,0,0
job,95,warrior,warrior,balanced,balanced,1,1,normalDamage,6,false,false,false,1,0,5,5,7,9,false,false,0,0,0,0,0,0
job,96,warrior,warrior,balanced,balanced,1,1,normalDamage,6,false,false,false,0,0,5,5,5,7,false,false,0,0,0,0,0,0
job,97,warrior,warrior,balanced,balanced,1,1,normalDamage,6,false,false,false,0,1,5,5,7,7,false,false,0,0,0,0,0,0
job,98,warrior,warrior,balanced,balanced,1,0,normalDamage,6,false,false,false,0,0,5,6,10,9,false,false,0,0,0,0,0,0
job,99,warrior,warrior,balanced,balanced,0,0,normalDamage,8,false,false,false,5,2,7,7,12,11,false,false,0,0,0,0,0,0
job,100,warrior,warrior,balanced,balanced,1,1,normalDamage,6,false,false,false,0,1,5,5,6,8,false,false,0,0,0,0,0,0
job,1,warrior,assassin,balanced,balanced,1,1,normalDamage,6,false,false,false,1,1,5,5,7,10,false,false,0,1,0,0,0,0
job,2,warrior,assassin,balanced,balanced,1,1,normalDamage,9,false,false,true,6,11,8,8,12,13,false,false,0,1,0,3,0,0
job,3,warrior,assassin,balanced,balanced,0,1,normalDamage,9,false,false,true,10,9,9,8,13,14,false,false,0,1,0,2,0,0
job,4,warrior,assassin,balanced,balanced,0,1,normalDamage,7,false,false,false,1,3,7,6,11,11,false,false,0,1,0,1,0,0
job,5,warrior,assassin,balanced,balanced,0,1,normalDamage,9,false,false,true,11,10,9,8,13,14,false,false,0,1,0,2,0,0
job,6,warrior,assassin,balanced,balanced,1,1,normalDamage,10,false,false,true,6,13,9,9,14,14,false,false,0,1,0,3,0,0
job,7,warrior,assassin,balanced,balanced,0,1,normalDamage,7,false,false,false,7,1,7,6,10,12,false,false,0,1,0,2,0,0
job,8,warrior,assassin,balanced,balanced,1,0,normalDamage,8,false,false,true,5,11,7,8,12,12,false,false,0,1,0,1,0,0
job,9,warrior,assassin,balanced,balanced,0,1,normalDamage,8,false,false,true,15,5,8,7,10,13,false,false,0,1,0,0,0,0
job,10,warrior,assassin,balanced,balanced,1,0,normalDamage,7,false,false,false,2,6,6,7,11,11,false,false,0,1,0,1,0,0
job,11,warrior,assassin,balanced,balanced,1,0,normalDamage,7,false,false,false,0,9,6,7,12,10,false,false,0,0,0,2,0,0
job,12,warrior,assassin,balanced,balanced,0,1,normalDamage,5,false,false,false,0,0,5,4,7,8,false,false,0,1,0,1,0,0
job,13,warrior,assassin,balanced,balanced,0,0,normalDamage,6,false,false,false,0,0,5,5,10,8,false,false,0,1,0,0,0,0
job,14,warrior,assassin,balanced,balanced,0,0,normalDamage,9,false,false,true,14,9,8,8,11,13,false,false,0,1,0,1,0,0
job,15,warrior,assassin,balanced,balanced,0,0,normalDamage,9,false,false,true,6,10,8,8,13,13,false,false,0,1,0,1,0,0
job,16,warrior,assassin,balanced,balanced,0,1,normalDamage,8,false,false,true,6,5,8,7,12,13,false,false,0,1,0,2,0,0
job,17,warrior,assassin,balanced,balanced,0,1,normalDamage,6,false,false,false,8,1,6,5,8,10,false,false,0,1,0,1,0,0
job,18,warrior,assassin,balanced,balanced,0,1,normalDamage,5,false,false,false,0,0,5,4,6,8,false,false,0,1,0,1,0,0
job,19,warrior,assassin,balanced,balanced,1,0,normalDamage,8,false,false,true,2,11,7,8,13,12,false,false,0,1,0,3,0,0
job,20,warrior,assassin,balanced,balanced,1,0,normalDamage,8,false,false,true,3,11,7,8,12,12,false,false,0,1,0,3,0,0
job,21,warrior,assassin,balanced,balanced,1,1,normalDamage,8,false,false,false,4,6,7,7,10,12,false,false,0,1,0,2,0,0
job,22,warrior,assassin,balanced,balanced,0,0,normalDamage,6,false,false,false,0,0,5,5,8,8,false,false,0,1,0,0,0,0
job,23,warrior,assassin,balanced,balanced,0,0,normalDamage,8,false,false,false,4,5,7,7,12,12,false,false,0,1,0,2,0,0
job,24,warrior,assassin,balanced,balanced,0,1,normalDamage,7,false,false,false,1,3,7,6,11,12,false,false,0,1,0,2,0,0
job,25,warrior,assassin,balanced,balanced,0,0,normalDamage,7,false,false,false,0,3,6,6,10,11,false,false,0,0,0,1,0,0
job,26,warrior,assassin,balanced,balanced,0,1,normalDamage,8,false,false,true,8,5,8,7,11,13,false,false,0,1,0,2,0,0
job,27,warrior,assassin,balanced,balanced,0,1,normalDamage,9,false,false,true,12,10,9,8,12,14,false,false,0,1,0,2,0,0
job,28,warrior,assassin,balanced,balanced,1,1,normalDamage,6,false,false,false,0,1,5,5,8,9,false,false,0,1,0,1,0,0
job,29,warrior,assassin,balanced,balanced,1,1,normalDamage,7,false,false,false,2,2,6,6,10,11,false,false,0,1,0,1,0,0
job,30,warrior,assassin,balanced,balanced,1,1,normalDamage,10,false,false,true,13,16,9,9,12,14,false,false,0,1,0,3,0,0
job,31,warrior,assassin,balanced,balanced,1,0,normalDamage,8,false,false,true,5,11,7,8,12,12,false,false,0,1,0,2,0,0
job,32,warrior,assassin,balanced,balanced,0,1,normalDamage,5,false,false,false,1,0,5,4,7,8,false,false,0,1,0,1,0,0
job,33,warrior,assassin,balanced,balanced,1,0,normalDamage,9,false,false,true,10,14,8,9,12,13,false,false,0,1,0,2,0,0
job,34,warrior,assassin,balanced,balanced,1,1,normalDamage,6,false,false,false,1,1,5,5,8,9,false,false,0,1,0,1,0,0
job,35,warrior,assassin,balanced,balanced,0,0,normalDamage,13,false,false,true,21,27,12,12,17,17,false,false,0,1,0,4,0,0
job,36,warrior,assassin,balanced,balanced,0,1,normalDamage,6,false,false,false,1,0,6,5,9,10,false,false,0,1,0,0,0,0
job,37,warrior,assassin,balanced,balanced,1,1,normalDamage,6,false,false,false,1,0,5,5,7,9,false,false,0,1,0,0,0,0
job,38,warrior,assassin,balanced,balanced,1,1,normalDamage,9,false,false,true,6,11,8,8,12,13,false,false,0,1,0,3,0,0
job,39,warrior,assassin,balanced,balanced,0,1,normalDamage,9,false,false,true,8,10,9,8,13,14,false,false,0,1,0,3,0,0
job,40,warrior,assassin,balanced,balanced,1,0,normalDamage,7,false,false,false,2,9,6,7,10,11,false,false,0,1,0,1,0,0
job,41,warrior,assassin,balanced,balanced,0,1,normalDamage,7,false,false,false,2,1,7,6,11,11,false,false,0,1,0,2,0,0
job,42,warrior,assassin,balanced,balanced,0,1,normalDamage,9,false,false,true,11,10,9,8,13,14,false,false,0,1,0,2,0,0
job,43,warrior,assassin,balanced,balanced,1,0,normalDamage,7,false,false,false,4,9,6,7,11,11,false,false,0,1,0,1,0,0
job,44,warrior,assassin,balanced,balanced,1,0,normalDamage,9,false,false,true,5,15,8,9,14,13,false,false,0,1,0,3,0,0
job,45,warrior,assassin,balanced,balanced,1,0,normalDamage,8,false,false,true,2,11,7,8,13,12,false,false,0,1,0,3,0,0
job,46,warrior,assassin,balanced,balanced,0,1,normalDamage,5,false,false,false,0,0,5,4,5,8,false,false,0,1,0,0,0,0
job,47,warrior,assassin,balanced,balanced,0,0,normalDamage,10,false,false,true,14,14,9,9,13,14,false,false,0,1,0,2,0,0
job,48,warrior,assassin,balanced,balanced,0,1,normalDamage,6,false,false,false,1,0,6,5,9,11,false,false,0,1,0,2,0,0
job,49,warrior,assassin,balanced,balanced,0,1,normalDamage,7,false,false,false,1,2,7,6,11,12,false,false,0,1,0,2,0,0
job,50,warrior,assassin,balanced,balanced,1,1,normalDamage,6,false,false,false,3,0,5,5,6,9,false,false,0,1,0,1,0,0
job,51,warrior,assassin,balanced,balanced,1,0,normalDamage,8,false,false,true,6,11,7,8,11,12,false,false,0,0,0,2,0,0
job,52,warrior,assassin,balanced,balanced,1,1,normalDamage,5,false,false,false,0,0,4,4,5,7,false,false,0,0,0,0,0,0
job,53,warrior,assassin,balanced,balanced,1,1,normalDamage,5,false,false,false,0,0,4,4,4,7,false,false,0,0,0,0,0,0
job,54,warrior,assassin,balanced,balanced,0,1,normalDamage,6,false,false,false,1,0,6,5,8,9,false,false,0,1,0,1,0,0
job,55,warrior,assassin,balanced,balanced,0,1,normalDamage,8,false,false,true,6,5,8,7,12,13,false,false,0,1,0,3,0,0
job,56,warrior,assassin,balanced,balanced,0,0,normalDamage,6,false,false,false,0,2,5,5,10,8,false,false,0,1,0,1,0,0
job,57,warrior,assassin,balanced,balanced,1,1,normalDamage,6,false,false,false,1,1,5,5,7,10,false,false,0,1,0,1,0,0
job,58,warrior,assassin,balanced,balanced,0,1,normalDamage,10,false,false,true,15,14,10,9,14,15,false,false,0,2,0,3,0,0
job,59,warrior,assassin,balanced,balanced,1,0,normalDamage,8,false,false,true,7,11,7,8,12,12,false,false,0,1,0,1,0,0
job,60,warrior,assassin,balanced,balanced,0,1,normalDamage,6,false,false,false,2,1,6,5,9,10,false,false,0,1,0,1,0,0
job,61,warrior,assassin,balanced,balanced,0,0,normalDamage,9,false,false,true,13,10,8,8,11,13,false,false,0,1,0,1,0,0
job,62,warrior,assassin,balanced,balanced,0,1,normalDamage,8,false,false,true,9,6,8,7,11,12,false,false,0,1,0,0,0,0
job,63,warrior,assassin,balanced,balanced,1,1,normalDamage,8,false,false,false,2,8,7,7,11,12,false,false,0,1,0,3,0,0
job,64,warrior,assassin,balanced,balanced,0,0,normalDamage,7,false,false,false,3,1,6,6,11,10,false,false,0,1,0,1,0,0
job,65,warrior,assassin,balanced,balanced,0,0,normalDamage,8,false,false,false,11,5,7,7,10,12,false,false,0,1,0,1,0,0
job,66,warrior,assassin,balanced,balanced,1,0,normalDamage,9,false,false,true,8,16,8,9,12,13,false,false,0,0,0,2,0,0
job,67,warrior,assassin,balanced,balanced,1,0,normalDamage,7,false,false,false,2,6,6,7,10,11,false,false,0,1,0,2,0,0
job,68,warrior,assassin,balanced,balanced,0,1,normalDamage,6,false,false,false,0,1,6,5,8,10,false,false,0,1,0,1,0,0
job,69,warrior,assassin,balanced,balanced,1,1,normalDamage,5,false,false,false,0,0,4,4,5,7,false,false,0,1,0,0,0,0
job,70,warrior,assassin,balanced,balanced,1,0,normalDamage,7,false,false,false,2,7,6,7,11,11,false,false,0,1,0,2,0,0
job,71,warrior,assassin,balanced,balanced,0,1,normalDamage,6,false,false,false,0,0,6,5,8,11,false,false,0,1,0,2,0,0
job,72,warrior,assassin,balanced,balanced,0,1,normalDamage,7,false,false,false,5,3,7,6,11,11,false,false,0,1,0,1,0,0
job,73,warrior,assassin,balanced,balanced,0,0,normalDamage,5,false,false,false,0,0,4,4,6,6,false,false,0,0,0,0,0,0
job,74,warrior,assassin,balanced,balanced,0,0,normalDamage,9,false,false,true,10,10,8,8,12,13,false,false,0,1,0,2,0,0
job,75,warrior,assassin,balanced,balanced,0,0,normalDamage,9,false,false,true,10,9,8,8,12,13,false,false,0,1,0,1,0,0
job,76,warrior,assassin,balanced,balanced,0,0,normalDamage,6,false,false,false,0,0,5,5,8,8,false,false,0,1,0,0,0,0
job,77,warrior,assassin,balanced,balanced,0,1,normalDamage,5,false,false,false,0,0,5,4,5,9,false,false,0,1,0,1,0,0
job,78,warrior,assassin,balanced,balanced,1,0,normalDamage,7,false,false,false,1,9,6,7,11,11,false,false,0,0,0,1,0,0
job,79,warrior,assassin,balanced,balanced,1,0,normalDamage,7,false,false,false,0,9,6,7,11,11,false,false,0,0,0,2,0,0
job,80,warrior,assassin,balanced,balanced,0,1,normalDamage,8,false,false,true,10,5,8,7,11,13,false,false,0,1,0,1,0,0
job,81,warrior,assassin,balanced,balanced,0,1,normalDamage,8,false,false,true,6,5,8,7,12,13,false,false,0,1,0,2,0,0
job,82,warrior,assassin,balanced,balanced,1,0,normalDamage,7,false,false,false,0,6,6,7,11,11,false,false,0,1,0,2,0,0
job,83,warrior,assassin,balanced,balanced,1,1,normalDamage,6,false,false,false,0,0,5,5,7,9,false,false,0,1,0,1,0,0
job,84,warrior,assassin,balanced,balanced,1,1,normalDamage,10,false,false,true,9,16,9,9,14,14,false,false,0,1,0,4,0,0
job,85,warrior,assassin,balanced,balanced,0,1,normalDamage,5,false,false,false,0,0,5,4,6,8,false,false,0,1,0,0,0,0
job,86,warrior,assassin,balanced,balanced,0,1,normalDamage,6,false,false,false,5,0,6,5,9,11,false,false,0,1,0,1,0,0
job,87,warrior,assassin,balanced,balanced,1,0,normalDamage,9,false,false,true,7,16,8,9,13,13,false,false,0,0,0,3,0,0
job,88,warrior,assassin,balanced,balanced,1,1,normalDamage,7,false,false,false,2,5,6,6,9,11,false,false,0,0,0,2,0,0
job,89,warrior,assassin,balanced,balanced,1,0,normalDamage,8,false,false,true,4,11,7,8,12,12,false,false,0,1,0,1,0,0
job,90,warrior,assassin,balanced,balanced,1,1,normalDamage,11,false,false,true,10,20,10,10,15,15,false,false,0,2,0,3,0,0
job,91,warrior,assassin,balanced,balanced,1,1,normalDamage,6,false,false,false,0,0,5,5,6,10,false,false,0,1,0,1,0,0
job,92,warrior,assassin,balanced,balanced,0,0,normalDamage,8,false,false,false,1,5,7,7,12,12,false,false,0,1,0,2,0,0
job,93,warrior,assassin,balanced,balanced,1,0,normalDamage,8,false,false,true,2,11,7,8,12,12,false,false,0,1,0,2,0,0
job,94,warrior,assassin,balanced,balanced,1,1,normalDamage,7,false,false,false,2,5,6,6,10,10,false,false,0,1,0,0,0,0
job,95,warrior,assassin,balanced,balanced,1,1,normalDamage,7,false,false,false,3,3,6,6,9,11,false,false,0,1,0,1,0,0
job,96,warrior,assassin,balanced,balanced,1,1,normalDamage,9,false,false,true,4,11,8,8,13,13,false,false,0,1,0,2,0,0
job,97,warrior,assassin,balanced,balanced,1,0,normalDamage,8,false,false,true,0,11,7,8,13,12,false,false,0,0,0,3,0,0
job,98,warrior,assassin,balanced,balanced,1,0,normalDamage,8,false,false,true,4,11,7,8,12,12,false,false,0,1,0,2,0,0
job,99,warrior,assassin,balanced,balanced,0,0,normalDamage,6,false,false,false,0,0,5,5,10,9,false,false,0,1,0,0,0,0
job,100,warrior,assassin,balanced,balanced,1,0,normalDamage,8,false,false,true,2,11,7,8,12,12,false,false,0,1,0,2,0,0
job,1,warrior,archer,balanced,balanced,1,0,normalDamage,6,false,false,false,1,6,5,6,9,8,false,false,0,0,0,0,0,6
job,2,warrior,archer,balanced,balanced,1,0,normalDamage,7,false,false,false,0,9,6,7,11,10,false,false,0,0,0,0,0,8
job,3,warrior,archer,balanced,balanced,0,1,normalDamage,7,false,false,false,1,1,6,6,9,10,false,false,0,0,0,0,0,6
job,4,warrior,archer,balanced,balanced,0,0,normalDamage,7,false,false,false,1,7,6,6,10,8,false,false,0,0,0,0,0,12
job,5,warrior,archer,balanced,balanced,0,0,normalDamage,7,false,false,false,0,2,6,6,10,11,false,false,0,0,0,0,0,6
job,6,warrior,archer,balanced,balanced,1,0,normalDamage,7,false,false,false,1,8,6,7,10,11,false,false,0,0,0,1,0,6
job,7,warrior,archer,balanced,balanced,0,0,normalDamage,7,false,false,false,3,3,6,6,10,10,false,false,0,0,0,0,0,12
job,8,warrior,archer,balanced,balanced,1,1,normalDamage,6,false,false,false,0,1,5,5,6,8,false,false,0,0,0,0,0,0
job,9,warrior,archer,balanced,balanced,0,1,normalDamage,6,false,false,false,3,1,6,5,10,9,false,false,0,0,0,1,0,10
job,10,warrior,archer,balanced,balanced,1,1,normalDamage,7,false,false,false,3,4,6,6,9,10,false,false,0,0,0,0,0,6
job,11,warrior,archer,balanced,balanced,1,0,normalDamage,7,false,false,false,1,11,6,7,10,10,false,false,0,0,0,1,0,8
job,12,warrior,archer,balanced,balanced,0,1,normalDamage,6,false,false,false,1,0,6,5,9,9,false,false,0,0,0,1,0,8
job,13,warrior,archer,balanced,balanced,0,0,normalDamage,8,false,false,false,5,8,7,7,12,11,false,false,0,0,0,1,0,12
job,14,warrior,archer,balanced,balanced,0,0,normalDamage,7,false,false,false,2,2,6,6,10,11,false,false,0,0,0,1,0,10
job,15,warrior,archer,balanced,balanced,0,1,normalDamage,7,false,false,false,1,2,6,6,10,11,false,false,0,0,0,1,0,10
job,16,warrior,archer,balanced,balanced,0,0,normalDamage,7,false,false,false,1,0,6,6,11,11,false,false,0,0,0,1,0,2
job,17,warrior,archer,balanced,balanced,0,0,normalDamage,6,false,false,false,1,0,5,5,8,9,false,false,0,0,0,0,0,6
job,18,warrior,archer,balanced,balanced,0,0,normalDamage,6,false,false,false,0,2,5,5,9,8,false,false,0,0,0,0,0,2
job,19,warrior,archer,balanced,balanced,1,0,normalDamage,7,false,false,false,1,10,6,7,11,10,false,false,0,0,0,1,0,12
job,20,warrior,archer,balanced,balanced,1,0,normalDamage,6,false,false,false,1,8,5,6,8,7,false,false,0,0,0,0,0,6
job,21,warrior,archer,balanced,balanced,1,0,normalDamage,7,false,false,false,0,5,6,7,11,11,false,false,0,0,0,0,0,6
job,22,warrior,archer,balanced,balanced,0,0,normalDamage,5,false,false,false,0,0,4,4,6,4,false,false,0,0,0,0,0,2
job,23,warrior,archer,balanced,balanced,0,1,normalDamage,7,false,false,false,2,3,6,6,10,10,false,false,0,0,0,0,0,6
job,24,warrior,archer,balanced,balanced,0,0,normalDamage,7,false,false,false,0,6,6,6,11,10,false,false,0,0,0,0,0,10
job,25,warrior,archer,balanced,balanced,0,0,normalDamage,7,false,false,false,0,6,6,6,11,10,false,false,0,0,0,0,0,8
job,26,warrior,archer,balanced,balanced,0,1,normalDamage,5,false,false,false,0,0,5,4,6,7,false,false,0,0,0,0,0,10
job,27,warrior,archer,balanced,balanced,0,1,normalDamage,6,false,false,false,2,0,6,5,9,10,false,false,0,0,0,1,0,8
job,28,warrior,archer,balanced,balanced,1,0,normalDamage,7,false,false,false,3,12,6,7,10,8,false,false,0,0,0,0,0,8
job,29,warrior,archer,balanced,balanced,1,0,normalDamage,9,false,false,true,7,15,8,9,13,13,false,false,0,0,0,1,0,8
job,30,warrior,archer,balanced,balanced,1,0,normalDamage,7,false,false,false,0,7,6,7,9,10,false,false,0,0,0,1,0,8
job,31,warrior,archer,balanced,balanced,1,1,normalDamage,7,false,false,false,1,6,6,7,10,10,false,false,0,0,0,1,0,8
job,32,warrior,archer,balanced,balanced,0,1,normalDamage,5,false,false,false,1,0,5,4,7,8,false,false,0,0,0,1,0,10
job,33,warrior,archer,balanced,balanced,1,0,normalDamage,6,false,false,false,0,4,5,6,10,10,false,false,0,0,0,0,0,8
job,34,warrior,archer,balanced,balanced,1,0,normalDamage,6,false,false,false,1,2,5,6,9,9,false,false,0,0,0,1,0,2
job,35,warrior,archer,balanced,balanced,0,1,normalDamage,7,false,false,false,2,2,7,6,11,12,false,false,0,0,0,1,0,6
job,36,warrior,archer,balanced,balanced,0,0,normalDamage,7,false,false,false,1,5,6,6,10,9,false,false,0,0,0,0,0,8
job,37,warrior,archer,balanced,balanced,1,1,normalDamage,6,false,false,false,0,2,5,5,9,9,false,false,0,0,0,0,0,8
job,38,warrior,archer,balanced,balanced,1,0,normalDamage,7,false,false,false,2,9,6,7,10,10,false,false,0,0,0,1,0,12
job,39,warrior,archer,balanced,balanced,0,1,normalDamage,6,false,false,false,0,1,6,5,8,10,false,false,0,0,0,1,0,10
job,40,warrior,archer,balanced,balanced,1,0,normalDamage,7,false,false,false,1,8,6,7,10,11,false,false,0,0,0,0,0,10
job,41,warrior,archer,balanced,balanced,0,1,normalDamage,6,false,false,false,1,1,5,5,8,8,false,false,0,0,0,1,0,12
job,42,warrior,archer,balanced,balanced,0,0,normalDamage,8,false,false,false,5,8,7,7,12,11,false,false,0,0,0,0,0,8
job,43,warrior,archer,balanced,balanced,1,1,normalDamage,6,false,false,false,0,0,5,5,6,9,false,false,0,0,0,0,0,12
job,44,warrior,archer,balanced,balanced,1,0,normalDamage,7,false,false,false,0,12,6,7,12,10,false,false,0,0,0,1,0,8
job,45,warrior,archer,balanced,balanced,1,0,normalDamage,9,false,false,true,4,15,8,9,14,13,false,false,0,0,0,1,0,8
job,46,warrior,archer,balanced,balanced,0,1,normalDamage,7,false,false,false,7,3,7,6,9,11,false,false,0,0,0,0,0,8
job,47,warrior,archer,balanced,balanced,0,0,normalDamage,7,false,false,false,1,3,6,6,11,10,false,false,0,0,0,1,0,12
job,48,warrior,archer,balanced,balanced,0,0,normalDamage,7,false,false,false,1,3,6,6,9,10,false,false,0,0,0,0,0,8
job,49,warrior,archer,balanced,balanced,0,0,normalDamage,6,false,false,false,0,1,5,5,9,9,false,false,0,0,0,0,0,2
job,50,warrior,archer,balanced,balanced,1,1,normalDamage,6,false,false,false,1,1,5,5,7,8,false,false,0,0,0,1,0,2
job,51,warrior,archer,balanced,balanced,1,0,normalDamage,7,false,false,false,1,8,6,7,9,11,false,false,0,0,0,1,0,8
job,52,warrior,archer,balanced,balanced,1,1,normalDamage,7,false,false,false,1,9,6,7,9,10,false,false,0,0,0,1,0,8
job,53,warrior,archer,balanced,balanced,1,0,normalDamage,6,false,false,false,0,2,5,6,8,9,false,false,0,0,0,1,0,2
job,54,warrior,archer,balanced,balanced,0,0,normalDamage,6,false,false,false,0,2,5,5,8,6,false,false,0,0,0,0,0,0
job,55,warrior,archer,balanced,balanced,0,1,normalDamage,8,false,false,false,5,4,7,7,11,12,false,false,0,0,0,1,0,10
job,56,warrior,archer,balanced,balanced,0,0,normalDamage,7,false,false,false,0,6,6,6,11,8,false,false,0,0,0,1,0,12
job,57,warrior,archer,balanced,balanced,1,0,normalDamage,7,false,false,false,0,9,6,7,11,10,false,false,0,0,0,1,0,12
job,58,warrior,archer,balanced,balanced,0,0,normalDamage,7,false,false,false,1,2,6,6,11,11,false,false,0,0,0,1,0,8
job,59,warrior,archer,balanced,balanced,1,0,normalDamage,6,false,false,false,0,2,5,6,9,9,false,false,0,0,0,0,0,2
job,60,warrior,archer,balanced,balanced,0,1,normalDamage,8,false,false,false,4,5,7,7,11,11,false,false,0,0,0,1,0,6
job,61,warrior,archer,balanced,balanced,0,0,normalDamage,6,false,false,false,2,1,5,5,9,8,false,false,0,0,0,0,0,10
job,62,warrior,archer,balanced,balanced,0,1,normalDamage,7,false,false,false,3,2,7,6,11,12,false,false,0,0,0,1,0,12
job,63,warrior,archer,balanced,balanced,1,0,normalDamage,6,false,false,false,0,2,5,6,9,9,false,false,0,0,0,1,0,6
job,64,warrior,archer,balanced,balanced,0,1,normalDamage,7,false,false,false,1,0,6,6,9,10,false,false,0,0,0,1,0,4
job,65,warrior,archer,balanced,balanced,0,1,normalDamage,6,false,false,false,0,0,5,5,6,9,false,false,0,0,0,0,0,12
job,66,warrior,archer,balanced,balanced,1,0,normalDamage,7,false,false,false,1,8,6,7,11,11,false,false,0,0,0,1,0,8
job,67,warrior,archer,balanced,balanced,1,1,normalDamage,5,false,false,false,0,0,4,5,4,8,false,false,0,0,0,0,0,10
job,68,warrior,archer,balanced,balanced,0,0,normalDamage,7,false,false,false,0,4,6,6,10,10,false,false,0,0,0,1,0,12
job,69,warrior,archer,balanced,balanced,1,1,normalDamage,6,false,false,false,0,2,5,6,6,10,false,false,0,0,0,0,0,6
job,70,warrior,archer,balanced,balanced,1,0,normalDamage,7,false,false,false,1,6,6,7,11,11,false,false,0,0,0,1,0,6
job,71,warrior,archer,balanced,balanced,0,1,normalDamage,6,false,false,false,0,1,6,5,8,10,false,false,0,0,0,1,0,6
job,72,warrior,archer,balanced,balanced,0,1,normalDamage,6,false,false,false,0,1,6,5,10,10,false,false,0,0,0,1,0,10
job,73,warrior,archer,balanced,balanced,0,0,normalDamage,5,false,false,false,0,0,4,4,6,4,false,false,0,0,0,0,0,0
job,74,warrior,archer,balanced,balanced,0,0,normalDamage,6,false,false,false,3,0,5,5,8,8,false,false,0,0,0,0,0,10
job,75,warrior,archer,balanced,balanced,0,1,normalDamage,7,false,false,false,9,5,7,6,10,11,false,false,0,0,0,0,0,10
job,76,warrior,archer,balanced,balanced,0,0,normalDamage,6,false,false,false,0,0,5,5,7,8,false,false,0,0,0,0,0,6
job,77,warrior,archer,balanced,balanced,0,0,normalDamage,7,false,false,false,1,2,6,6,11,11,false,false,0,0,0,0,0,6
job,78,warrior,archer,balanced,balanced,1,0,normalDamage,7,false,false,false,0,8,6,7,10,11,false,false,0,0,0,1,0,8
job,79,warrior,archer,balanced,balanced,1,0,normalDamage,7,false,false,false,0,8,6,7,11,11,false,false,0,0,0,1,0,12
job,80,warrior,archer,balanced,balanced,0,1,normalDamage,7,false,false,false,4,2,7,6,11,12,false,false,0,0,0,1,0,12
job,81,warrior,archer,balanced,balanced,0,0,normalDamage,6,false,false,false,1,1,5,5,9,7,false,false,0,0,0,0,0,8
job,82,warrior,archer,balanced,balanced,1,1,normalDamage,6,false,false,false,0,2,5,5,7,10,false,false,0,0,0,1,0,12
job,83,warrior,archer,balanced,balanced,1,1,normalDamage,7,false,false,false,1,3,6,6,9,10,false,false,0,0,0,0,0,8
job,84,warrior,archer,balanced,balanced,1,0,normalDamage,6,false,false,false,0,2,5,6,9,10,false,false,0,0,0,0,0,6
job,85,warrior,archer,balanced,balanced,0,1,normalDamage,6,false,false,false,0,0,5,5,6,8,false,false,0,0,0,0,0,8
job,86,warrior,archer,balanced,balanced,0,0,normalDamage,7,false,false,false,2,1,6,6,10,10,false,false,0,0,0,0,0,2
job,87,warrior,archer,balanced,balanced,1,1,normalDamage,7,false,false,false,0,6,6,6,8,11,false,false,0,0,0,1,0,8
job,88,warrior,archer,balanced,balanced,1,1,normalDamage,7,false,false,false,0,6,6,6,10,11,false,false,0,0,0,1,0,12
job,89,warrior,archer,balanced,balanced,1,1,normalDamage,6,false,false,false,0,2,5,6,7,10,false,false,0,0,0,0,0,6
job,90,warrior,archer,balanced,balanced,1,0,normalDamage,7,false,false,false,0,10,6,7,11,9,false,false,0,0,0,1,0,8
job,91,warrior,archer,balanced,balanced,1,0,normalDamage,6,false,false,false,0,3,5,6,8,10,false,false,0,0,0,1,0,10
job,92,warrior,archer,balanced,balanced,0,0,normalDamage,7,false,false,false,1,5,6,6,10,10,false,false,0,0,0,1,0,8
job,93,warrior,archer,balanced,balanced,1,0,normalDamage,7,false,false,false,0,11,6,7,11,10,false,false,0,0,0,1,0,8
job,94,warrior,archer,balanced,balanced,1,0,normalDamage,6,false,false,false,1,3,5,6,9,10,false,false,0,0,0,0,0,10
job,95,warrior,archer,balanced,balanced,1,1,normalDamage,6,false,false,false,4,0,5,5,7,9,false,false,0,0,0,0,0,10
job,96,warrior,archer,balanced,balanced,1,0,normalDamage,7,false,false,false,0,6,6,7,10,11,false,false,0,0,0,0,0,2
job,97,warrior,archer,balanced,balanced,1,1,normalDamage,6,false,false,false,0,3,5,6,7,10,false,false,0,0,0,0,0,12
job,98,warrior,archer,balanced,balanced,1,0,normalDamage,7,false,false,false,0,6,6,7,11,11,false,false,0,0,0,0,0,2
job,99,warrior,archer,balanced,balanced,0,0,normalDamage,8,false,false,false,5,4,7,7,12,12,false,false,0,0,0,1,0,8
job,100,warrior,archer,balanced,balanced,1,1,normalDamage,6,false,false,false,0,0,5,5,6,8,false,false,0,0,0,0,0,12
job,1,assassin,warrior,balanced,balanced,1,0,normalDamage,8,false,false,true,6,6,7,8,12,12,false,false,1,0,2,0,0,0
job,2,assassin,warrior,balanced,balanced,1,1,normalDamage,5,false,false,false,0,0,4,4,6,6,false,false,1,0,0,0,0,0
job,3,assassin,warrior,balanced,balanced,0,0,normalDamage,8,false,false,false,6,5,7,7,12,11,false,false,1,0,1,0,0,0
job,4,assassin,warrior,balanced,balanced,0,1,normalDamage,9,false,false,true,14,5,9,8,13,14,false,false,1,0,2,0,0,0
job,5,assassin,warrior,balanced,balanced,0,0,normalDamage,6,false,false,false,0,1,5,5,10,6,false,false,1,0,1,0,0,0
job,6,assassin,warrior,balanced,balanced,1,1,normalDamage,9,false,false,true,9,11,8,8,13,12,false,false,1,0,1,0,0,0
job,7,assassin,warrior,balanced,balanced,0,1,normalDamage,8,false,false,true,11,0,8,7,12,13,false,false,1,0,2,0,0,0
job,8,assassin,warrior,balanced,balanced,1,0,normalDamage,9,false,false,true,10,11,8,9,14,13,false,false,1,0,3,0,0,0
job,9,assassin,warrior,balanced,balanced,0,1,normalDamage,9,false,false,true,16,9,9,8,13,12,false,false,1,0,1,0,0,0
job,10,assassin,warrior,balanced,balanced,1,0,normalDamage,6,false,false,false,1,2,5,6,9,10,false,false,0,0,0,0,0,0
job,11,assassin,warrior,balanced,balanced,1,1,normalDamage,6,false,false,false,0,0,5,5,8,7,false,false,1,0,0,0,0,0
job,12,assassin,warrior,balanced,balanced,0,1,normalDamage,9,false,false,true,16,5,9,8,13,13,false,false,1,0,2,0,0,0
job,13,assassin,warrior,balanced,balanced,0,1,normalDamage,7,false,false,false,6,0,7,6,11,11,false,false,1,0,2,0,0,0
job,14,assassin,warrior,balanced,balanced,0,1,normalDamage,9,false,false,true,16,7,9,8,13,13,false,false,0,0,2,0,0,0
job,15,assassin,warrior,balanced,balanced,0,1,normalDamage,9,false,false,true,16,13,9,8,13,12,false,false,1,0,1,0,0,0
job,16,assassin,warrior,balanced,balanced,0,1,normalDamage,8,false,false,true,11,2,8,7,12,12,false,false,1,0,2,0,0,0
job,17,assassin,warrior,balanced,balanced,0,0,normalDamage,9,false,false,true,11,3,8,8,13,13,false,false,1,0,3,0,0,0
job,18,assassin,warrior,balanced,balanced,0,0,normalDamage,9,false,false,true,11,4,8,8,13,13,false,false,1,0,2,0,0,0
job,19,assassin,warrior,balanced,balanced,1,0,normalDamage,7,false,false,false,2,4,6,7,11,11,false,false,1,0,2,0,0,0
job,20,assassin,warrior,balanced,balanced,1,0,normalDamage,6,false,false,false,0,2,5,6,11,9,false,false,1,0,2,0,0,0
job,21,assassin,warrior,balanced,balanced,1,0,normalDamage,6,false,false,false,0,1,5,6,10,9,false,false,1,0,2,0,0,0
job,22,assassin,warrior,balanced,balanced,0,0,normalDamage,11,false,false,true,19,14,10,10,15,14,false,false,1,0,4,0,0,0
job,23,assassin,warrior,balanced,balanced,0,1,normalDamage,7,false,false,false,9,0,7,6,11,11,false,false,1,0,1,0,0,0
job,24,assassin,warrior,balanced,balanced,0,1,normalDamage,9,false,false,true,15,5,9,8,13,14,false,false,1,0,2,0,0,0
job,25,assassin,warrior,balanced,balanced,0,0,normalDamage,6,false,false,false,1,1,5,5,8,8,false,false,1,0,1,0,0,0
job,26,assassin,warrior,balanced,balanced,0,0,normalDamage,7,false,false,false,4,2,6,6,11,9,false,false,1,0,2,0,0,0
job,27,assassin,warrior,balanced,balanced,0,1,normalDamage,8,false,false,true,11,0,8,7,12,13,false,false,1,0,3,0,0,0
job,28,assassin,warrior,balanced,balanced,1,1,normalDamage,5,false,false,false,0,0,4,4,5,6,false,false,0,0,0,0,0,0
job,29,assassin,warrior,balanced,balanced,1,0,normalDamage,8,false,false,true,5,6,7,8,13,12,false,false,1,0,3,0,0,0
job,30,assassin,warrior,balanced,balanced,1,1,normalDamage,8,false,false,false,5,6,7,7,12,12,false,false,1,0,2,0,0,0
job,31,assassin,warrior,balanced,balanced,1,0,normalDamage,6,false,false,false,0,1,5,6,9,9,false,false,1,0,0,0,0,0
job,32,assassin,warrior,balanced,balanced,0,0,normalDamage,8,false,false,false,7,10,7,7,12,9,false,false,1,0,1,0,0,0
job,33,assassin,warrior,balanced,balanced,1,0,normalDamage,7,false,false,false,2,2,6,7,12,11,false,false,1,0,2,0,0,0
job,34,assassin,warrior,balanced,balanced,1,0,normalDamage,9,false,false,true,10,12,8,9,14,12,false,false,1,0,1,0,0,0
job,35,assassin,warrior,balanced,balanced,0,0,normalDamage,8,false,false,false,7,2,7,7,12,11,false,false,1,0,3,0,0,0
job,36,assassin,warrior,balanced,balanced,0,0,normalDamage,9,false,false,true,11,6,8,8,13,12,false,false,1,0,2,0,0,0
job,37,assassin,warrior,balanced,balanced,1,1,normalDamage,10,false,false,true,14,14,9,9,14,13,false,false,1,0,1,0,0,0
job,38,assassin,warrior,balanced,balanced,1,1,normalDamage,6,false,false,false,0,2,5,5,8,8,false,false,1,0,0,0,0,0
job,39,assassin,warrior,balanced,balanced,0,1,normalDamage,8,false,false,true,11,3,8,7,12,12,false,false,1,0,3,0,0,0
job,40,assassin,warrior,balanced,balanced,1,0,normalDamage,8,false,false,true,5,8,7,8,13,11,false,false,1,0,2,0,0,0
job,41,assassin,warrior,balanced,balanced,0,1,normalDamage,7,false,false,false,7,0,7,6,11,12,false,false,1,0,3,0,0,0
job,42,assassin,warrior,balanced,balanced,0,1,normalDamage,6,false,false,false,4,1,6,5,10,10,false,false,1,0,0,0,0,0
job,43,assassin,warrior,balanced,balanced,1,1,normalDamage,9,false,false,true,10,10,8,8,13,12,false,false,0,0,1,0,0,0
job,44,assassin,warrior,balanced,balanced,1,1,normalDamage,9,false,false,true,10,15,8,8,13,11,false,false,1,0,0,0,0,0
job,45,assassin,warrior,balanced,balanced,1,0,normalDamage,8,false,false,true,5,11,7,8,13,11,false,false,1,0,1,0,0,0
job,46,assassin,warrior,balanced,balanced,0,1,normalDamage,8,false,false,true,11,6,8,7,12,12,false,false,1,0,2,0,0,0
job,47,assassin,warrior,balanced,balanced,0,1,normalDamage,7,false,false,false,9,2,7,6,11,10,false,false,0,0,2,0,0,0
job,48,assassin,warrior,balanced,balanced,0,0,normalDamage,6,false,false,false,0,0,5,5,9,6,false,false,1,0,1,0,0,0
job,49,assassin,warrior,balanced,balanced,0,0,normalDamage,9,false,false,true,11,4,8,8,13,13,false,false,1,0,2,0,0,0
job,50,assassin,warrior,balanced,balanced,1,0,normalDamage,7,false,false,false,3,1,6,7,11,11,false,false,1,0,2,0,0,0
job,51,assassin,warrior,balanced,balanced,1,0,normalDamage,6,false,false,false,0,1,5,6,9,10,false,false,1,0,0,0,0,0
job,52,assassin,warrior,balanced,balanced,1,1,normalDamage,9,false,false,true,10,6,8,8,13,13,false,false,0,0,2,0,0,0
job,53,assassin,warrior,balanced,balanced,1,1,normalDamage,5,false,false,false,0,0,4,4,5,6,false,false,0,0,0,0,0,0
job,54,assassin,warrior,balanced,balanced,0,1,normalDamage,9,false,false,true,16,4,9,8,13,14,false,false,1,0,2,0,0,0
job,55,assassin,warrior,balanced,balanced,0,1,normalDamage,7,false,false,false,6,2,7,6,11,11,false,false,1,0,2,0,0,0
job,56,assassin,warrior,balanced,balanced,0,1,normalDamage,9,false,false,true,16,5,9,8,13,14,false,false,1,0,3,0,0,0
job,57,assassin,warrior,balanced,balanced,1,0,normalDamage,11,false,false,true,19,21,10,11,16,14,false,false,2,0,2,0,0,0
job,58,assassin,warrior,balanced,balanced,0,1,normalDamage,8,false,false,true,11,0,8,7,12,13,false,false,1,0,2,0,0,0
job,59,assassin,warrior,balanced,balanced,1,0,normalDamage,9,false,false,true,9,10,8,9,14,13,false,false,1,0,3,0,0,0
job,60,assassin,warrior,balanced,balanced,0,1,normalDamage,7,false,false,false,9,1,7,6,11,10,false,false,1,0,2,0,0,0
job,61,assassin,warrior,balanced,balanced,0,0,normalDamage,6,false,false,false,0,1,5,5,10,7,false,false,1,0,1,0,0,0
job,62,assassin,warrior,balanced,balanced,0,0,normalDamage,9,false,false,true,11,6,8,8,13,12,false,false,1,0,2,0,0,0
job,63,assassin,warrior,balanced,balanced,1,0,normalDamage,10,false,false,true,14,13,9,10,15,14,false,false,1,0,2,0,0,0
job,64,assassin,warrior,balanced,balanced,0,1,normalDamage,7,false,false,false,9,1,7,6,11,10,false,false,1,0,1,0,0,0
job,65,assassin,warrior,balanced,balanced,0,0,normalDamage,8,false,false,false,9,3,7,7,12,11,false,false,1,0,1,0,0,0
job,66,assassin,warrior,balanced,balanced,1,0,normalDamage,5,false,false,false,0,0,4,5,8,6,false,false,1,0,0,0,0,0
job,67,assassin,warrior,balanced,balanced,1,1,normalDamage,8,false,false,false,5,6,7,7,12,11,false,false,1,0,2,0,0,0
job,68,assassin,warrior,balanced,balanced,0,1,normalDamage,9,false,false,true,17,7,9,8,12,13,false,false,0,0,2,0,0,0
job,69,assassin,warrior,balanced,balanced,1,0,normalDamage,7,false,false,false,3,8,6,7,12,9,false,false,1,0,0,0,0,0
job,70,assassin,warrior,balanced,balanced,1,0,normalDamage,7,false,false,false,4,4,6,7,11,10,false,false,1,0,1,0,0,0
job,71,assassin,warrior,balanced,balanced,0,1,normalDamage,7,false,false,false,7,2,7,6,11,10,false,false,1,0,2,0,0,0
job,72,assassin,warrior,balanced,balanced,0,1,normalDamage,6,false,false,false,2,1,6,5,9,9,false,false,1,0,1,0,0,0
job,73,assassin,warrior,balanced,balanced,0,0,normalDamage,9,false,false,true,11,5,8,8,13,13,false,false,1,0,3,0,0,0
job,74,assassin,warrior,balanced,balanced,0,0,normalDamage,9,false,false,true,11,4,8,8,13,13,false,false,1,0,2,0,0,0
job,75,assassin,warrior,balanced,balanced,0,0,normalDamage,6,false,false,false,1,0,5,5,10,6,false,false,1,0,2,0,0,0
job,76,assassin,warrior,balanced,balanced,0,1,normalDamage,7,false,false,false,7,0,7,6,11,11,false,false,0,0,2,0,0,0
job,77,assassin,warrior,balanced,balanced,0,1,normalDamage,8,false,false,true,11,6,8,7,12,11,false,false,1,0,2,0,0,0
job,78,assassin,warrior,balanced,balanced,1,0,normalDamage,8,false,false,true,5,6,7,8,13,12,false,false,1,0,2,0,0,0
job,79,assassin,warrior,balanced,balanced,1,0,normalDamage,8,false,false,true,6,6,7,8,12,12,false,false,1,0,2,0,0,0
job,80,assassin,warrior,balanced,balanced,0,1,normalDamage,7,false,false,false,9,2,7,6,11,11,false,false,1,0,2,0,0,0
job,81,assassin,warrior,balanced,balanced,0,1,normalDamage,6,false,false,false,5,0,6,5,10,10,false,false,1,0,1,0,0,0
job,82,assassin,warrior,balanced,balanced,1,0,normalDamage,8,false,false,true,5,6,7,8,13,12,false,false,1,0,1,0,0,0
job,83,assassin,warrior,balanced,balanced,1,0,normalDamage,10,false,false,true,12,21,9,10,15,12,false,false,1,0,1,0,0,0
job,84,assassin,warrior,balanced,balanced,1,1,normalDamage,9,false,false,true,9,11,8,8,13,12,false,false,1,0,1,0,0,0
job,85,assassin,warrior,balanced,balanced,0,1,normalDamage,11,false,false,true,25,14,11,10,15,16,false,false,1,0,3,0,0,0
job,86,assassin,warrior,balanced,balanced,0,0,normalDamage,9,false,false,true,11,6,8,8,13,12,false,false,1,0,3,0,0,0
job,87,assassin,warrior,balanced,balanced,1,0,normalDamage,9,false,false,true,10,10,8,9,14,13,false,false,1,0,3,0,0,0
job,88,assassin,warrior,balanced,balanced,1,0,normalDamage,7,false,false,false,2,3,6,7,12,11,false,false,1,0,2,0,0,0
job,89,assassin,warrior,balanced,balanced,1,0,normalDamage,7,false,false,false,3,1,6,7,11,11,false,false,1,0,2,0,0,0
job,90,assassin,warrior,balanced,balanced,1,0,normalDamage,8,false,false,true,5,6,7,8,13,12,false,false,1,0,2,0,0,0
job,91,assassin,warrior,balanced,balanced,1,1,normalDamage,8,false,false,false,5,6,7,7,12,11,false,false,1,0,1,0,0,0
job,92,assassin,warrior,balanced,balanced,0,1,normalDamage,8,false,false,true,11,5,8,7,12,12,false,false,1,0,2,0,0,0
job,93,assassin,warrior,balanced,balanced,1,1,normalDamage,9,false,false,true,10,6,8,8,13,13,false,false,1,0,2,0,0,0
job,94,assassin,warrior,balanced,balanced,1,0,normalDamage,9,false,false,true,9,10,8,9,14,13,false,false,2,0,2,0,0,0
job,95,assassin,warrior,balanced,balanced,1,1,normalDamage,8,false,false,false,5,6,7,7,12,11,false,false,0,0,2,0,0,0
job,96,assassin,warrior,balanced,balanced,1,0,normalDamage,9,false,false,true,10,11,8,9,14,13,false,false,1,0,1,0,0,0
job,97,assassin,warrior,balanced,balanced,1,0,normalDamage,8,false,false,true,5,11,7,8,13,11,false,false,1,0,1,0,0,0
job,98,assassin,warrior,balanced,balanced,1,0,normalDamage,10,false,false,true,14,19,9,10,15,12,false,false,2,0,2,0,0,0
job,99,assassin,warrior,balanced,balanced,0,1,normalDamage,7,false,false,false,7,0,7,6,10,11,false,false,0,0,2,0,0,0
job,100,assassin,warrior,balanced,balanced,1,1,normalDamage,6,false,false,false,1,0,5,5,9,9,false,false,1,0,1,0,0,0
job,1,assassin,assassin,balanced,balanced,1,0,normalDamage,10,false,false,true,15,20,9,10,15,14,false,false,1,1,2,2,0,0
job,2,assassin,assassin,balanced,balanced,1,draw,roundCap,20,false,true,true,61,62,20,20,24,23,false,false,2,2,4,6,0,0
job,3,assassin,assassin,balanced,balanced,0,0,normalDamage,9,false,false,true,12,9,8,8,12,13,false,false,1,1,3,1,0,0
job,4,assassin,assassin,balanced,balanced,0,1,normalDamage,13,false,false,true,30,29,13,12,17,17,false,false,2,2,3,3,0,0
job,5,assassin,assassin,balanced,balanced,0,0,normalDamage,9,false,false,true,11,10,8,8,13,13,false,false,1,0,2,1,0,0
job,6,assassin,assassin,balanced,balanced,1,1,normalDamage,9,false,false,true,11,11,8,8,12,13,false,false,0,1,2,2,0,0
job,7,assassin,assassin,balanced,balanced,0,1,normalDamage,8,false,false,true,11,5,8,7,12,13,false,false,1,1,2,3,0,0
job,8,assassin,assassin,balanced,balanced,1,0,normalDamage,8,false,false,true,8,11,7,8,12,12,false,false,1,1,2,0,0,0
job,9,assassin,assassin,balanced,balanced,0,1,normalDamage,10,false,false,true,21,12,10,9,14,15,false,false,1,1,3,2,0,0
job,10,assassin,assassin,balanced,balanced,1,0,normalDamage,8,false,false,true,5,11,7,8,13,12,false,false,1,1,3,2,0,0
job,11,assassin,assassin,balanced,balanced,1,0,normalDamage,10,false,false,true,14,19,9,10,15,14,false,false,1,1,2,3,0,0
job,12,assassin,assassin,balanced,balanced,0,0,normalDamage,6,false,false,false,0,0,5,5,10,8,false,false,1,1,1,1,0,0
job,13,assassin,assassin,balanced,balanced,0,0,normalDamage,6,false,false,false,0,0,5,5,9,8,false,false,1,1,1,0,0,0
job,14,assassin,assassin,balanced,balanced,0,1,normalDamage,11,false,false,true,26,18,11,10,15,16,false,false,0,2,1,1,0,0
job,15,assassin,assassin,balanced,balanced,0,1,normalDamage,9,false,false,true,16,11,9,8,13,13,false,false,1,1,1,1,0,0
job,16,assassin,assassin,balanced,balanced,0,1,normalDamage,12,false,false,true,28,20,12,11,16,17,false,false,1,1,3,3,0,0
job,17,assassin,assassin,balanced,balanced,0,1,normalDamage,15,false,false,true,41,38,15,14,19,20,false,false,1,1,3,4,0,0
job,18,assassin,assassin,balanced,balanced,0,1,normalDamage,7,false,false,false,9,2,7,6,11,11,false,false,1,1,2,1,0,0
job,19,assassin,assassin,balanced,balanced,1,0,normalDamage,7,false,false,false,4,9,6,7,11,11,false,false,1,1,3,1,0,0
job,20,assassin,assassin,balanced,balanced,1,1,normalDamage,6,false,false,false,0,3,5,5,9,10,false,false,1,1,0,2,0,0
job,21,assassin,assassin,balanced,balanced,1,0,normalDamage,14,false,false,true,28,38,13,14,19,18,false,false,2,1,4,3,0,0
job,22,assassin,assassin,balanced,balanced,0,1,normalDamage,12,false,false,true,26,24,12,11,16,17,false,false,1,2,2,4,0,0
job,23,assassin,assassin,balanced,balanced,0,1,normalDamage,10,false,false,true,21,14,10,9,14,15,false,false,1,1,3,3,0,0
job,24,assassin,assassin,balanced,balanced,0,0,normalDamage,10,false,false,true,16,15,9,9,14,13,false,false,1,1,2,2,0,0
job,25,assassin,assassin,balanced,balanced,0,0,normalDamage,6,false,false,false,0,1,5,5,10,9,false,false,1,0,1,2,0,0
job,26,assassin,assassin,balanced,balanced,0,1,normalDamage,14,false,false,true,37,35,14,13,18,18,false,false,1,2,1,3,0,0
job,27,assassin,assassin,balanced,balanced,0,1,normalDamage,11,false,false,true,22,16,11,10,15,16,false,false,1,2,2,3,0,0
job,28,assassin,assassin,balanced,balanced,1,1,normalDamage,11,false,false,true,16,21,10,10,15,15,false,false,1,1,1,2,0,0
job,29,assassin,assassin,balanced,balanced,1,0,normalDamage,9,false,false,true,9,15,8,9,14,13,false,false,1,1,2,3,0,0
job,30,assassin,assassin,balanced,balanced,1,0,normalDamage,17,false,false,true,42,50,16,17,22,21,false,false,1,1,5,5,0,0
job,31,assassin,assassin,balanced,balanced,1,1,normalDamage,6,false,false,false,0,0,5,5,8,10,false,false,1,1,1,1,0,0
job,32,assassin,assassin,balanced,balanced,0,0,normalDamage,8,false,false,false,10,5,7,7,12,12,false,false,1,1,2,1,0,0
job,33,assassin,assassin,balanced,balanced,1,0,normalDamage,8,false,false,true,5,11,7,8,13,12,false,false,1,1,3,3,0,0
job,34,assassin,assassin,balanced,balanced,1,1,normalDamage,7,false,false,false,2,5,6,6,11,11,false,false,1,1,2,1,0,0
job,35,assassin,assassin,balanced,balanced,0,0,normalDamage,9,false,false,true,13,10,8,8,12,13,false,false,1,1,2,1,0,0
job,36,assassin,assassin,balanced,balanced,0,1,normalDamage,5,false,false,false,1,0,5,4,8,8,false,false,1,1,0,0,0,0
job,37,assassin,assassin,balanced,balanced,1,0,normalDamage,8,false,false,true,5,11,7,8,13,12,false,false,1,1,2,2,0,0
job,38,assassin,assassin,balanced,balanced,1,1,normalDamage,18,false,false,true,49,51,17,17,22,22,false,false,2,2,2,5,0,0
job,39,assassin,assassin,balanced,balanced,0,1,normalDamage,14,false,false,true,39,29,14,13,18,19,false,false,2,2,4,5,0,0
job,40,assassin,assassin,balanced,balanced,1,0,normalDamage,7,false,false,false,3,9,6,7,11,11,false,false,1,1,2,1,0,0
job,41,assassin,assassin,balanced,balanced,0,1,normalDamage,10,false,false,true,21,14,10,9,14,15,false,false,1,2,3,3,0,0
job,42,assassin,assassin,balanced,balanced,0,0,normalDamage,6,false,false,false,0,0,5,5,10,9,false,false,1,0,1,1,0,0
job,43,assassin,assassin,balanced,balanced,1,1,normalDamage,10,false,false,true,14,16,9,9,14,14,false,false,1,1,2,2,0,0
job,44,assassin,assassin,balanced,balanced,1,1,normalDamage,10,false,false,true,14,17,9,9,14,14,false,false,1,1,1,2,0,0
job,45,assassin,assassin,balanced,balanced,1,0,normalDamage,14,false,false,true,31,36,13,14,19,18,false,false,2,1,4,2,0,0
job,46,assassin,assassin,balanced,balanced,0,1,normalDamage,11,false,false,true,24,19,11,10,15,16,false,false,1,2,3,4,0,0
job,47,assassin,assassin,balanced,balanced,0,1,normalDamage,9,false,false,true,15,11,9,8,13,13,false,false,1,1,2,3,0,0
job,48,assassin,assassin,balanced,balanced,0,0,normalDamage,10,false,false,true,14,14,9,9,14,14,false,false,1,1,3,3,0,0
job,49,assassin,assassin,balanced,balanced,0,0,normalDamage,14,false,false,true,35,32,13,13,18,18,false,false,2,1,3,2,0,0
job,50,assassin,assassin,balanced,balanced,1,1,normalDamage,9,false,false,true,9,11,8,8,13,13,false,false,1,1,1,2,0,0
job,51,assassin,assassin,balanced,balanced,1,0,normalDamage,8,false,false,true,5,11,7,8,13,12,false,false,1,0,2,2,0,0
job,52,assassin,assassin,balanced,balanced,1,0,normalDamage,14,false,false,true,33,35,13,14,19,18,false,false,1,1,4,3,0,0
job,53,assassin,assassin,balanced,balanced,1,1,normalDamage,5,false,false,false,0,0,4,4,5,6,false,false,0,0,0,0,0,0
job,54,assassin,assassin,balanced,balanced,0,1,normalDamage,11,false,false,true,25,17,11,10,15,16,false,false,1,1,3,2,0,0
job,55,assassin,assassin,balanced,balanced,0,1,normalDamage,10,false,false,true,20,16,10,9,14,14,false,false,1,1,1,2,0,0
job,56,assassin,assassin,balanced,balanced,0,1,normalDamage,10,false,false,true,19,15,10,9,14,15,false,false,1,1,3,3,0,0
job,57,assassin,assassin,balanced,balanced,1,1,normalDamage,9,false,false,true,9,11,8,8,13,13,false,false,1,1,1,2,0,0
job,58,assassin,assassin,balanced,balanced,0,0,normalDamage,10,false,false,true,16,13,9,9,14,14,false,false,1,1,2,3,0,0
job,59,assassin,assassin,balanced,balanced,1,1,normalDamage,9,false,false,true,11,12,8,8,12,12,false,false,0,1,1,2,0,0
job,60,assassin,assassin,balanced,balanced,0,1,normalDamage,6,false,false,false,5,0,6,5,10,11,false,false,0,1,1,2,0,0
job,61,assassin,assassin,balanced,balanced,0,0,normalDamage,12,false,false,true,25,23,11,11,16,16,false,false,1,1,2,1,0,0
job,62,assassin,assassin,balanced,balanced,0,0,normalDamage,10,false,false,true,17,14,9,9,14,14,false,false,1,1,2,2,0,0
job,63,assassin,assassin,balanced,balanced,1,0,normalDamage,8,false,false,true,5,11,7,8,13,12,false,false,1,1,2,3,0,0
job,64,assassin,assassin,balanced,balanced,0,1,normalDamage,7,false,false,false,9,4,7,6,11,11,false,false,1,1,0,1,0,0
job,65,assassin,assassin,balanced,balanced,0,0,normalDamage,10,false,false,true,16,15,9,9,14,14,false,false,1,1,3,1,0,0
job,66,assassin,assassin,balanced,balanced,1,1,normalDamage,10,false,false,true,13,13,9,9,14,14,false,false,1,1,2,2,0,0
job,67,assassin,assassin,balanced,balanced,1,0,normalDamage,8,false,false,true,8,11,7,8,12,12,false,false,1,1,2,1,0,0
job,68,assassin,assassin,balanced,balanced,0,1,normalDamage,12,false,false,true,24,25,12,11,16,17,false,false,1,1,3,4,0,0
job,69,assassin,assassin,balanced,balanced,1,1,normalDamage,11,false,false,true,20,21,10,10,15,15,false,false,1,1,2,2,0,0
job,70,assassin,assassin,balanced,balanced,1,0,normalDamage,13,false,false,true,25,35,12,13,18,16,false,false,1,1,3,2,0,0
job,71,assassin,assassin,balanced,balanced,0,1,normalDamage,9,false,false,true,15,10,9,8,13,14,false,false,1,1,2,3,0,0
job,72,assassin,assassin,balanced,balanced,0,1,normalDamage,8,false,false,true,11,5,8,7,12,13,false,false,1,1,2,2,0,0
job,73,assassin,assassin,balanced,balanced,0,0,normalDamage,5,false,false,false,0,0,4,4,7,6,false,false,1,0,1,0,0,0
job,74,assassin,assassin,balanced,balanced,0,0,normalDamage,10,false,false,true,17,12,9,9,13,14,false,false,1,1,2,2,0,0
job,75,assassin,assassin,balanced,balanced,0,1,normalDamage,9,false,false,true,16,9,9,8,13,14,false,false,1,2,2,2,0,0
job,76,assassin,assassin,balanced,balanced,0,1,normalDamage,7,false,false,false,7,7,7,6,11,11,false,false,0,1,0,1,0,0
job,77,assassin,assassin,balanced,balanced,0,1,normalDamage,14,false,false,true,38,30,14,13,17,19,false,false,1,1,5,3,0,0
job,78,assassin,assassin,balanced,balanced,1,0,normalDamage,7,false,false,false,2,9,6,7,11,11,false,false,1,0,1,2,0,0
job,79,assassin,assassin,balanced,balanced,1,0,normalDamage,9,false,false,true,9,14,8,9,14,13,false,false,1,1,2,3,0,0
job,80,assassin,assassin,balanced,balanced,0,1,normalDamage,11,false,false,true,25,19,11,10,14,16,false,false,1,1,2,4,0,0
job,81,assassin,assassin,balanced,balanced,0,1,normalDamage,6,false,false,false,5,1,6,5,10,11,false,false,1,1,1,1,0,0
job,82,assassin,assassin,balanced,balanced,1,1,normalDamage,9,false,false,true,10,11,8,8,13,13,false,false,1,1,3,3,0,0
job,83,assassin,assassin,balanced,balanced,1,1,normalDamage,6,false,false,false,0,0,5,5,8,9,false,false,1,1,0,1,0,0
job,84,assassin,assassin,balanced,balanced,1,0,normalDamage,10,false,false,true,15,19,9,10,15,14,false,false,1,1,2,0,0,0
job,85,assassin,assassin,balanced,balanced,0,1,normalDamage,11,false,false,true,25,19,11,10,15,16,false,false,1,1,2,3,0,0
job,86,assassin,assassin,balanced,balanced,0,0,normalDamage,8,false,false,false,8,5,7,7,12,12,false,false,1,1,3,1,0,0
job,87,assassin,assassin,balanced,balanced,1,1,normalDamage,12,false,false,true,23,26,11,11,16,16,false,false,1,1,3,3,0,0
job,88,assassin,assassin,balanced,balanced,1,0,normalDamage,10,false,false,true,14,20,9,10,15,14,false,false,1,1,2,3,0,0
job,89,assassin,assassin,balanced,balanced,1,1,normalDamage,14,false,false,true,28,30,13,13,18,18,false,false,2,2,3,5,0,0
job,90,assassin,assassin,balanced,balanced,1,1,normalDamage,11,false,false,true,17,20,10,10,15,15,false,false,1,2,2,2,0,0
job,91,assassin,assassin,balanced,balanced,1,0,normalDamage,6,false,false,false,1,4,5,6,10,10,false,false,1,0,2,0,0,0
job,92,assassin,assassin,balanced,balanced,0,0,normalDamage,11,false,false,true,17,17,10,10,15,14,false,false,1,2,3,3,0,0
job,93,assassin,assassin,balanced,balanced,1,1,normalDamage,9,false,false,true,10,11,8,8,13,13,false,false,1,1,1,2,0,0
job,94,assassin,assassin,balanced,balanced,1,1,normalDamage,12,false,false,true,22,21,11,11,16,16,false,false,1,1,3,1,0,0
job,95,assassin,assassin,balanced,balanced,1,1,normalDamage,8,false,false,false,5,9,7,7,12,11,false,false,0,1,1,2,0,0
job,96,assassin,assassin,balanced,balanced,1,0,normalDamage,13,false,false,true,27,32,12,13,18,17,false,false,2,1,4,2,0,0
job,97,assassin,assassin,balanced,balanced,1,1,normalDamage,9,false,false,true,10,11,8,8,13,13,false,false,1,1,1,2,0,0
job,98,assassin,assassin,balanced,balanced,1,0,normalDamage,7,false,false,false,3,7,6,7,12,11,false,false,1,0,1,2,0,0
job,99,assassin,assassin,balanced,balanced,0,0,normalDamage,9,false,false,true,12,9,8,8,12,13,false,false,1,1,3,1,0,0
job,100,assassin,assassin,balanced,balanced,1,1,normalDamage,12,false,false,true,22,22,11,11,15,16,false,false,1,1,2,3,0,0
job,1,assassin,archer,balanced,balanced,1,1,normalDamage,7,false,false,false,2,5,6,7,9,11,false,false,1,0,1,0,0,8
job,2,assassin,archer,balanced,balanced,1,1,normalDamage,7,false,false,false,2,3,6,6,10,11,false,false,1,0,2,1,0,8
job,3,assassin,archer,balanced,balanced,0,0,normalDamage,11,false,false,true,20,20,10,10,15,14,false,false,1,0,3,0,0,14
job,4,assassin,archer,balanced,balanced,0,1,normalDamage,6,false,false,false,6,1,6,5,10,10,false,false,1,0,2,0,0,12
job,5,assassin,archer,balanced,balanced,0,0,normalDamage,6,false,false,false,1,1,5,5,9,9,false,false,1,0,1,0,0,4
job,6,assassin,archer,balanced,balanced,1,0,normalDamage,9,false,false,true,11,15,8,9,13,13,false,false,1,0,2,1,0,8
job,7,assassin,archer,balanced,balanced,0,1,normalDamage,7,false,false,false,7,4,7,6,11,12,false,false,1,0,3,1,0,8
job,8,assassin,archer,balanced,balanced,1,1,normalDamage,7,false,false,false,3,5,6,7,10,11,false,false,0,0,2,0,0,10
job,9,assassin,archer,balanced,balanced,0,1,normalDamage,6,false,false,false,4,0,6,5,10,9,false,false,1,0,1,0,0,10
job,10,assassin,archer,balanced,balanced,1,0,normalDamage,9,false,false,true,10,15,8,9,14,13,false,false,1,0,4,1,0,10
job,11,assassin,archer,balanced,balanced,1,0,normalDamage,7,false,false,false,4,7,6,7,11,11,false,false,1,0,1,0,0,8
job,12,assassin,archer,balanced,balanced,0,0,normalDamage,6,false,false,false,0,0,5,5,10,7,false,false,1,0,1,0,0,8
job,13,assassin,archer,balanced,balanced,0,0,normalDamage,6,false,false,false,0,1,5,5,9,9,false,false,1,0,1,1,0,10
job,14,assassin,archer,balanced,balanced,0,1,normalDamage,8,false,false,true,11,6,8,7,12,13,false,false,0,0,3,0,0,8
job,15,assassin,archer,balanced,balanced,0,0,normalDamage,8,false,false,false,8,4,7,7,12,12,false,false,1,0,3,0,0,8
job,16,assassin,archer,balanced,balanced,0,0,normalDamage,8,false,false,false,8,4,7,7,12,12,false,false,1,0,3,0,0,6
job,17,assassin,archer,balanced,balanced,0,1,normalDamage,9,false,false,true,11,8,8,8,12,13,false,false,1,0,3,1,0,12
job,18,assassin,archer,balanced,balanced,0,0,normalDamage,10,false,false,true,16,14,9,9,14,14,false,false,1,0,2,1,0,8
job,19,assassin,archer,balanced,balanced,1,0,normalDamage,8,false,false,true,5,10,7,8,13,12,false,false,1,0,3,1,0,8
job,20,assassin,archer,balanced,balanced,1,1,normalDamage,6,false,false,false,0,1,5,5,9,9,false,false,1,0,0,0,0,6
job,21,assassin,archer,balanced,balanced,1,0,normalDamage,7,false,false,false,1,5,6,7,12,11,false,false,1,0,3,1,0,6
job,22,assassin,archer,balanced,balanced,0,1,normalDamage,6,false,false,false,4,1,6,5,9,8,false,false,1,0,2,0,0,8
job,23,assassin,archer,balanced,balanced,0,1,normalDamage,7,false,false,false,4,0,6,6,10,10,false,false,0,0,1,0,0,6
job,24,assassin,archer,balanced,balanced,0,1,normalDamage,7,false,false,false,7,3,7,6,10,12,false,false,1,0,2,1,0,12
job,25,assassin,archer,balanced,balanced,0,1,normalDamage,8,false,false,true,11,8,8,7,12,12,false,false,1,0,3,1,0,8
job,26,assassin,archer,balanced,balanced,0,0,normalDamage,6,false,false,false,0,0,5,5,10,8,false,false,1,0,2,0,0,10
job,27,assassin,archer,balanced,balanced,0,0,normalDamage,8,false,false,false,8,4,7,7,12,12,false,false,1,0,3,1,0,8
job,28,assassin,archer,balanced,balanced,1,0,normalDamage,8,false,false,true,5,10,7,8,13,12,false,false,1,0,2,0,0,8
job,29,assassin,archer,balanced,balanced,1,0,normalDamage,8,false,false,true,5,10,7,8,13,12,false,false,1,0,3,1,0,8
job,30,assassin,archer,balanced,balanced,1,0,normalDamage,8,false,false,true,5,10,7,8,13,12,false,false,1,0,2,1,0,8
job,31,assassin,archer,balanced,balanced,1,0,normalDamage,7,false,false,false,3,5,6,7,11,11,false,false,1,0,2,1,0,8
job,32,assassin,archer,balanced,balanced,0,1,normalDamage,6,false,false,false,4,0,6,5,10,9,false,false,0,0,3,1,0,12
job,33,assassin,archer,balanced,balanced,1,0,normalDamage,7,false,false,false,2,6,6,7,12,11,false,false,1,0,2,0,0,10
job,34,assassin,archer,balanced,balanced,1,0,normalDamage,8,false,false,true,5,10,7,8,13,12,false,false,1,0,3,0,0,8
job,35,assassin,archer,balanced,balanced,0,0,normalDamage,9,false,false,true,11,9,8,8,13,13,false,false,1,0,3,1,0,8
job,36,assassin,archer,balanced,balanced,0,0,normalDamage,12,false,false,true,25,23,11,11,16,16,false,false,2,0,2,1,0,10
job,37,assassin,archer,balanced,balanced,1,1,normalDamage,7,false,false,false,1,4,6,6,10,11,false,false,1,0,2,1,0,8
job,38,assassin,archer,balanced,balanced,1,0,normalDamage,8,false,false,true,5,10,7,8,13,12,false,false,1,0,3,1,0,12
job,39,assassin,archer,balanced,balanced,0,1,normalDamage,10,false,false,true,20,14,10,9,14,15,false,false,1,0,4,1,0,10
job,40,assassin,archer,balanced,balanced,1,1,normalDamage,6,false,false,false,0,3,5,6,8,10,false,false,1,0,2,1,0,10
job,41,assassin,archer,balanced,balanced,0,1,normalDamage,6,false,false,false,4,1,6,5,10,9,false,false,0,0,3,1,0,12
job,42,assassin,archer,balanced,balanced,0,1,normalDamage,9,false,false,true,11,8,8,8,12,13,false,false,1,0,2,0,0,12
job,43,assassin,archer,balanced,balanced,1,0,normalDamage,8,false,false,true,5,10,7,8,13,12,false,false,1,0,3,1,0,12
job,44,assassin,archer,balanced,balanced,1,0,normalDamage,12,false,false,true,24,30,11,12,17,16,false,false,1,0,2,1,0,10
job,45,assassin,archer,balanced,balanced,1,0,normalDamage,11,false,false,true,16,24,10,11,16,15,false,false,2,0,2,1,0,14
job,46,assassin,archer,balanced,balanced,0,0,normalDamage,8,false,false,false,6,4,7,7,12,12,false,false,1,0,3,0,0,12
job,47,assassin,archer,balanced,balanced,0,1,normalDamage,7,false,false,false,9,2,7,6,11,12,false,false,0,0,2,1,0,8
job,48,assassin,archer,balanced,balanced,0,1,normalDamage,10,false,false,true,20,13,10,9,14,15,false,false,1,0,3,1,0,12
job,49,assassin,archer,balanced,balanced,0,0,normalDamage,6,false,false,false,2,0,5,5,10,7,false,false,0,0,2,0,0,2
job,50,assassin,archer,balanced,balanced,1,0,normalDamage,7,false,false,false,2,5,6,7,12,11,false,false,1,0,2,1,0,8
job,51,assassin,archer,balanced,balanced,1,1,normalDamage,8,false,false,false,5,10,7,7,12,12,false,false,1,0,2,0,0,8
job,52,assassin,archer,balanced,balanced,1,1,normalDamage,9,false,false,true,10,10,8,8,13,13,false,false,0,0,3,1,0,8
job,53,assassin,archer,balanced,balanced,1,0,normalDamage,6,false,false,false,3,1,5,6,10,10,false,false,1,0,2,0,0,2
job,54,assassin,archer,balanced,balanced,0,1,normalDamage,10,false,false,true,21,14,10,9,14,15,false,false,1,0,2,1,0,8
job,55,assassin,archer,balanced,balanced,0,1,normalDamage,9,false,false,true,11,8,8,8,12,13,false,false,0,0,2,0,0,12
job,56,assassin,archer,balanced,balanced,0,1,normalDamage,6,false,false,false,3,1,6,5,10,10,false,false,1,0,3,1,0,12
job,57,assassin,archer,balanced,balanced,1,1,normalDamage,5,false,false,false,0,0,4,4,5,7,false,false,0,0,0,0,0,8
job,58,assassin,archer,balanced,balanced,0,0,normalDamage,9,false,false,true,11,9,8,8,13,13,false,false,1,0,3,0,0,8
job,59,assassin,archer,balanced,balanced,1,0,normalDamage,6,false,false,false,0,2,5,6,11,9,false,false,1,0,2,0,0,2
job,60,assassin,archer,balanced,balanced,0,0,normalDamage,7,false,false,false,5,1,6,6,11,10,false,false,1,0,2,0,0,2
job,61,assassin,archer,balanced,balanced,0,0,normalDamage,6,false,false,false,0,0,5,5,10,8,false,false,1,0,1,0,0,10
job,62,assassin,archer,balanced,balanced,0,1,normalDamage,10,false,false,true,18,13,10,9,14,15,false,false,1,0,5,1,0,12
job,63,assassin,archer,balanced,balanced,1,1,normalDamage,7,false,false,false,2,6,6,7,10,11,false,false,0,0,2,1,0,10
job,64,assassin,archer,balanced,balanced,0,0,normalDamage,8,false,false,false,9,4,7,7,12,12,false,false,1,0,1,1,0,8
job,65,assassin,archer,balanced,balanced,0,1,normalDamage,7,false,false,false,9,3,7,6,11,11,false,false,1,0,2,0,0,12
job,66,assassin,archer,balanced,balanced,1,0,normalDamage,8,false,false,true,6,10,7,8,12,12,false,false,1,0,2,1,0,8
job,67,assassin,archer,balanced,balanced,1,0,normalDamage,7,false,false,false,2,5,6,7,12,11,false,false,1,0,3,1,0,12
job,68,assassin,archer,balanced,balanced,0,1,normalDamage,7,false,false,false,6,2,7,6,11,12,false,false,0,0,2,1,0,12
job,69,assassin,archer,balanced,balanced,1,1,normalDamage,6,false,false,false,0,2,5,6,9,10,false,false,1,0,0,0,0,6
job,70,assassin,archer,balanced,balanced,1,1,normalDamage,9,false,false,true,10,10,8,8,13,13,false,false,1,0,2,1,0,8
job,71,assassin,archer,balanced,balanced,0,1,normalDamage,7,false,false,false,3,3,6,6,10,10,false,false,1,0,2,0,0,10
job,72,assassin,archer,balanced,balanced,0,0,normalDamage,6,false,false,false,0,0,5,5,9,7,false,false,1,0,0,1,0,6
job,73,assassin,archer,balanced,balanced,0,1,normalDamage,8,false,false,false,8,4,7,7,11,12,false,false,1,0,3,1,0,6
job,74,assassin,archer,balanced,balanced,0,0,normalDamage,6,false,false,false,1,0,5,5,8,8,false,false,0,0,1,1,0,12
job,75,assassin,archer,balanced,balanced,0,1,normalDamage,7,false,false,false,6,0,7,6,11,12,false,false,1,0,2,1,0,8
job,76,assassin,archer,balanced,balanced,0,1,normalDamage,9,false,false,true,11,9,8,8,12,13,false,false,1,0,2,1,0,10
job,77,assassin,archer,balanced,balanced,0,0,normalDamage,8,false,false,false,8,4,7,7,12,12,false,false,1,0,3,1,0,8
job,78,assassin,archer,balanced,balanced,1,1,normalDamage,8,false,false,false,5,8,7,7,12,12,false,false,1,0,1,1,0,10
job,79,assassin,archer,balanced,balanced,1,1,normalDamage,12,false,false,true,20,26,11,12,16,16,false,false,1,0,3,2,0,16
job,80,assassin,archer,balanced,balanced,0,1,normalDamage,6,false,false,false,6,0,6,5,10,11,false,false,1,0,2,1,0,12
job,81,assassin,archer,balanced,balanced,0,0,normalDamage,9,false,false,true,11,8,8,8,13,13,false,false,1,0,2,0,0,8
job,82,assassin,archer,balanced,balanced,1,1,normalDamage,6,false,false,false,1,2,5,5,7,10,false,false,1,0,2,0,0,12
job,83,assassin,archer,balanced,balanced,1,0,normalDamage,6,false,false,false,0,2,5,6,9,9,false,false,1,0,0,0,0,8
job,84,assassin,archer,balanced,balanced,1,0,normalDamage,7,false,false,false,3,5,6,7,12,11,false,false,1,0,2,0,0,8
job,85,assassin,archer,balanced,balanced,0,1,normalDamage,6,false,false,false,4,0,6,5,10,9,false,false,1,0,1,0,0,8
job,86,assassin,archer,balanced,balanced,0,0,normalDamage,7,false,false,false,6,0,6,6,11,11,false,false,1,0,2,0,0,2
job,87,assassin,archer,balanced,balanced,1,0,normalDamage,7,false,false,false,4,8,6,7,11,11,false,false,1,0,2,0,0,10
job,88,assassin,archer,balanced,balanced,1,0,normalDamage,7,false,false,false,4,8,6,7,10,11,false,false,1,0,2,1,0,12
job,89,assassin,archer,balanced,balanced,1,0,normalDamage,8,false,false,true,5,10,7,8,13,12,false,false,1,0,2,0,0,8
job,90,assassin,archer,balanced,balanced,1,1,normalDamage,7,false,false,false,1,3,6,6,11,11,false,false,0,0,3,1,0,8
job,91,assassin,archer,balanced,balanced,1,1,normalDamage,8,false,false,false,5,8,7,7,12,12,false,false,1,0,3,1,0,12
job,92,assassin,archer,balanced,balanced,0,0,normalDamage,8,false,false,false,6,7,7,7,12,11,false,false,1,0,2,0,0,8
job,93,assassin,archer,balanced,balanced,1,1,normalDamage,9,false,false,true,10,15,8,9,13,13,false,false,1,0,4,1,0,10
job,94,assassin,archer,balanced,balanced,1,1,normalDamage,6,false,false,false,0,2,5,5,8,9,false,false,1,0,0,0,0,8
job,95,assassin,archer,balanced,balanced,1,0,normalDamage,9,false,false,true,10,12,8,9,14,13,false,false,1,0,4,1,0,12
job,96,assassin,archer,balanced,balanced,1,0,normalDamage,6,false,false,false,0,2,5,6,9,10,false,false,1,0,1,0,0,2
job,97,assassin,archer,balanced,balanced,1,1,normalDamage,8,false,false,false,5,8,7,7,12,12,false,false,0,0,2,1,0,10
job,98,assassin,archer,balanced,balanced,1,1,normalDamage,9,false,false,true,9,10,8,8,13,13,false,false,1,0,2,1,0,6
job,99,assassin,archer,balanced,balanced,0,1,normalDamage,8,false,false,false,6,5,7,7,11,11,false,false,1,0,1,1,0,8
job,100,assassin,archer,balanced,balanced,1,1,normalDamage,10,false,false,true,13,15,9,9,14,14,false,false,1,0,2,1,0,12
job,1,archer,warrior,balanced,balanced,1,0,normalDamage,7,false,false,false,4,5,6,7,11,11,false,false,0,0,1,0,6,0
job,2,archer,warrior,balanced,balanced,1,1,normalDamage,6,false,false,false,2,0,5,5,8,9,false,false,0,0,0,0,2,0
job,3,archer,warrior,balanced,balanced,0,1,normalDamage,6,false,false,false,3,0,6,5,10,7,false,false,0,0,1,0,6,0
job,4,archer,warrior,balanced,balanced,0,1,normalDamage,7,false,false,false,9,1,7,6,10,10,false,false,0,0,1,0,8,0
job,5,archer,warrior,balanced,balanced,0,0,normalDamage,7,false,false,false,5,0,7,6,11,9,false,false,0,0,1,0,8,0
job,6,archer,warrior,balanced,balanced,1,1,normalDamage,8,false,false,false,8,5,7,7,11,12,false,false,0,0,0,0,12,0
job,7,archer,warrior,balanced,balanced,0,1,normalDamage,6,false,false,false,4,0,6,5,10,9,false,false,0,0,1,0,6,0
job,8,archer,warrior,balanced,balanced,1,1,normalDamage,7,false,false,false,4,1,6,6,10,10,false,false,0,0,1,0,6,0
job,9,archer,warrior,balanced,balanced,0,1,normalDamage,7,false,false,false,9,1,7,6,10,11,false,false,0,0,0,0,8,0
job,10,archer,warrior,balanced,balanced,1,1,normalDamage,7,false,false,false,2,2,6,6,11,11,false,false,0,0,0,0,8,0
job,11,archer,warrior,balanced,balanced,1,1,normalDamage,6,false,false,false,0,0,5,5,8,8,false,false,0,0,1,0,8,0
job,12,archer,warrior,balanced,balanced,0,1,normalDamage,7,false,false,false,9,3,7,6,10,11,false,false,0,0,0,0,8,0
job,13,archer,warrior,balanced,balanced,0,1,normalDamage,7,false,false,false,5,1,7,6,11,10,false,false,0,0,0,0,8,0
job,14,archer,warrior,balanced,balanced,0,1,normalDamage,7,false,false,false,11,1,7,6,9,11,false,false,0,0,1,0,8,0
job,15,archer,warrior,balanced,balanced,0,0,normalDamage,6,false,false,false,0,0,5,5,9,7,false,false,0,0,0,0,8,0
job,16,archer,warrior,balanced,balanced,0,1,normalDamage,7,false,false,false,8,1,7,6,10,11,false,false,0,0,1,0,6,0
job,17,archer,warrior,balanced,balanced,0,0,normalDamage,5,false,false,false,0,0,4,4,7,5,false,false,0,0,0,0,6,0
job,18,archer,warrior,balanced,balanced,0,1,normalDamage,6,false,false,false,11,1,6,5,7,9,false,false,0,0,1,0,12,0
job,19,archer,warrior,balanced,balanced,1,1,normalDamage,5,false,false,false,0,0,4,4,4,6,false,false,0,0,0,0,6,0
job,20,archer,warrior,balanced,balanced,1,0,normalDamage,6,false,false,false,0,1,5,6,10,8,false,false,0,0,1,0,0,0
job,21,archer,warrior,balanced,balanced,1,1,normalDamage,6,false,false,false,0,1,5,5,6,8,false,false,0,0,0,0,6,0
job,22,archer,warrior,balanced,balanced,0,1,normalDamage,6,false,false,false,7,0,6,5,8,10,false,false,0,0,1,0,8,0
job,23,archer,warrior,balanced,balanced,0,1,normalDamage,7,false,false,false,8,1,7,6,11,10,false,false,0,0,1,0,8,0
job,24,archer,warrior,balanced,balanced,0,0,normalDamage,6,false,false,false,1,0,6,5,9,8,false,false,0,0,0,0,4,0
job,25,archer,warrior,balanced,balanced,0,0,normalDamage,6,false,false,false,0,0,6,5,10,7,false,false,0,0,0,0,4,0
job,26,archer,warrior,balanced,balanced,0,0,normalDamage,7,false,false,false,3,2,6,6,11,9,false,false,0,0,1,0,6,0
job,27,archer,warrior,balanced,balanced,0,1,normalDamage,6,false,false,false,2,0,6,5,10,9,false,false,0,0,0,0,8,0
job,28,archer,warrior,balanced,balanced,1,1,normalDamage,5,false,false,false,0,0,4,4,6,7,false,false,0,0,0,0,2,0
job,29,archer,warrior,balanced,balanced,1,1,normalDamage,7,false,false,false,2,2,6,6,11,10,false,false,0,0,1,0,6,0
job,30,archer,warrior,balanced,balanced,1,1,normalDamage,7,false,false,false,2,3,6,6,11,10,false,false,0,0,0,0,6,0
job,31,archer,warrior,balanced,balanced,1,0,normalDamage,6,false,false,false,2,1,5,5,8,7,false,false,0,0,0,0,12,0
job,32,archer,warrior,balanced,balanced,0,0,normalDamage,6,false,false,false,0,1,5,5,10,7,false,false,0,0,1,0,10,0
job,33,archer,warrior,balanced,balanced,1,0,normalDamage,6,false,false,false,1,2,5,6,11,9,false,false,0,0,1,0,8,0
job,34,archer,warrior,balanced,balanced,1,0,normalDamage,7,false,false,false,0,2,6,6,11,9,false,false,0,0,0,0,6,0
job,35,archer,warrior,balanced,balanced,0,0,normalDamage,5,false,false,false,0,0,5,4,8,6,false,false,0,0,0,0,10,0
job,36,archer,warrior,balanced,balanced,0,0,normalDamage,6,false,false,false,0,0,5,5,9,7,false,false,0,0,0,0,2,0
job,37,archer,warrior,balanced,balanced,1,0,normalDamage,7,false,false,false,3,3,6,7,11,10,false,false,0,0,1,0,8,0
job,38,archer,warrior,balanced,balanced,1,0,normalDamage,6,false,false,false,0,2,5,6,10,8,false,false,0,0,1,0,2,0
job,39,archer,warrior,balanced,balanced,0,1,normalDamage,6,false,false,false,5,1,6,5,9,8,false,false,0,0,1,0,8,0
job,40,archer,warrior,balanced,balanced,1,0,normalDamage,8,false,false,false,9,4,7,7,10,11,false,false,0,0,1,0,8,0
job,41,archer,warrior,balanced,balanced,0,1,normalDamage,6,false,false,false,3,3,6,5,10,8,false,false,0,0,0,0,10,0
job,42,archer,warrior,balanced,balanced,0,1,normalDamage,6,false,false,false,5,0,6,5,9,9,false,false,0,0,1,0,6,0
job,43,archer,warrior,balanced,balanced,1,1,normalDamage,7,false,false,false,2,2,6,6,11,11,false,false,0,0,0,0,6,0
job,44,archer,warrior,balanced,balanced,1,1,normalDamage,8,false,false,false,8,9,7,7,11,11,false,false,0,0,0,0,6,0
job,45,archer,warrior,balanced,balanced,1,0,normalDamage,7,false,false,false,1,1,6,6,11,9,false,false,0,0,0,0,8,0
job,46,archer,warrior,balanced,balanced,0,1,normalDamage,6,false,false,false,4,0,6,5,9,10,false,false,0,0,1,0,8,0
job,47,archer,warrior,balanced,balanced,0,1,normalDamage,7,false,false,false,12,1,7,6,10,10,false,false,0,0,1,0,12,0
job,48,archer,warrior,balanced,balanced,0,0,normalDamage,6,false,false,false,1,0,5,5,9,6,false,false,0,0,1,0,8,0
job,49,archer,warrior,balanced,balanced,0,1,normalDamage,7,false,false,false,9,2,7,6,10,10,false,false,0,0,0,0,8,0
job,50,archer,warrior,balanced,balanced,1,0,normalDamage,5,false,false,false,0,0,4,5,8,6,false,false,0,0,0,0,10,0
job,51,archer,warrior,balanced,balanced,1,1,normalDamage,7,false,false,false,0,1,6,6,10,11,false,false,0,0,0,0,4,0
job,52,archer,warrior,balanced,balanced,1,0,normalDamage,6,false,false,false,1,3,5,6,10,8,false,false,0,0,0,0,12,0
job,53,archer,warrior,balanced,balanced,1,1,normalDamage,5,false,false,false,0,0,4,4,4,6,false,false,0,0,0,0,2,0
job,54,archer,warrior,balanced,balanced,0,0,normalDamage,7,false,false,false,3,2,6,6,11,9,false,false,0,0,0,0,10,0
job,55,archer,warrior,balanced,balanced,0,0,normalDamage,7,false,false,false,4,1,6,6,10,8,false,false,0,0,0,0,8,0
job,56,archer,warrior,balanced,balanced,0,0,normalDamage,7,false,false,false,9,1,6,6,10,10,false,false,0,0,1,0,12,0
job,57,archer,warrior,balanced,balanced,1,1,normalDamage,6,false,false,false,0,1,5,5,6,8,false,false,0,0,0,0,2,0
job,58,archer,warrior,balanced,balanced,0,1,normalDamage,6,false,false,false,7,2,6,5,9,9,false,false,0,0,0,0,12,0
job,59,archer,warrior,balanced,balanced,1,1,normalDamage,8,false,false,false,4,5,7,7,12,12,false,false,0,0,1,0,8,0
job,60,archer,warrior,balanced,balanced,0,1,normalDamage,7,false,false,false,10,0,7,6,10,11,false,false,0,0,1,0,12,0
job,61,archer,warrior,balanced,balanced,0,1,normalDamage,6,false,false,false,1,0,6,5,9,7,false,false,0,0,0,0,6,0
job,62,archer,warrior,balanced,balanced,0,0,normalDamage,5,false,false,false,0,0,5,4,8,6,false,false,0,0,0,0,12,0
job,63,archer,warrior,balanced,balanced,1,1,normalDamage,7,false,false,false,2,2,6,6,11,9,false,false,0,0,1,0,12,0
job,64,archer,warrior,balanced,balanced,0,0,normalDamage,6,false,false,false,0,0,5,5,9,6,false,false,0,0,0,0,10,0
job,65,archer,warrior,balanced,balanced,0,0,normalDamage,8,false,false,false,11,3,7,7,11,11,false,false,0,0,0,0,8,0
job,66,archer,warrior,balanced,balanced,1,0,normalDamage,6,false,false,false,0,0,5,6,8,8,false,false,0,0,0,0,6,0
job,67,archer,warrior,balanced,balanced,1,0,normalDamage,6,false,false,false,2,3,5,6,9,8,false,false,0,0,1,0,6,0
job,68,archer,warrior,balanced,balanced,0,1,normalDamage,7,false,false,false,9,1,7,6,10,11,false,false,0,0,1,0,8,0
job,69,archer,warrior,balanced,balanced,1,0,normalDamage,7,false,false,false,2,1,6,7,12,11,false,false,0,0,0,0,6,0
job,70,archer,warrior,balanced,balanced,1,0,normalDamage,7,false,false,false,3,2,6,7,11,11,false,false,0,0,1,0,12,0
job,71,archer,warrior,balanced,balanced,0,1,normalDamage,7,false,false,false,6,2,7,6,11,10,false,false,0,0,0,0,2,0
job,72,archer,warrior,balanced,balanced,0,0,normalDamage,6,false,false,false,0,0,5,5,10,8,false,false,0,0,0,0,6,0
job,73,archer,warrior,balanced,balanced,0,1,normalDamage,7,false,false,false,6,1,7,6,11,11,false,false,0,0,0,0,8,0
job,74,archer,warrior,balanced,balanced,0,0,normalDamage,7,false,false,false,4,0,6,6,10,10,false,false,0,0,1,0,10,0
job,75,archer,warrior,balanced,balanced,0,0,normalDamage,6,false,false,false,0,0,5,5,10,6,false,false,0,0,1,0,12,0
job,76,archer,warrior,balanced,balanced,0,1,normalDamage,8,false,false,true,10,0,8,7,12,13,false,false,0,0,1,0,6,0
job,77,archer,warrior,balanced,balanced,0,1,normalDamage,7,false,false,false,11,0,7,6,10,10,false,false,0,0,1,0,10,0
job,78,archer,warrior,balanced,balanced,1,1,normalDamage,6,false,false,false,0,0,5,5,8,10,false,false,0,0,0,0,6,0
job,79,archer,warrior,balanced,balanced,1,0,normalDamage,6,false,false,false,0,0,5,5,8,8,false,false,0,0,0,0,12,0
job,80,archer,warrior,balanced,balanced,0,1,normalDamage,7,false,false,false,8,1,7,6,11,11,false,false,0,0,1,0,12,0
job,81,archer,warrior,balanced,balanced,0,1,normalDamage,7,false,false,false,7,0,7,6,10,11,false,false,0,0,1,0,2,0
job,82,archer,warrior,balanced,balanced,1,0,normalDamage,6,false,false,false,0,1,5,6,9,9,false,false,0,0,1,0,10,0
job,83,archer,warrior,balanced,balanced,1,1,normalDamage,8,false,false,false,5,7,7,7,11,11,false,false,0,0,0,0,8,0
job,84,archer,warrior,balanced,balanced,1,0,normalDamage,7,false,false,false,3,5,6,7,11,11,false,false,0,0,1,0,8,0
job,85,archer,warrior,balanced,balanced,0,0,normalDamage,7,false,false,false,3,1,6,6,11,9,false,false,0,0,1,0,8,0
job,86,archer,warrior,balanced,balanced,0,0,normalDamage,6,false,false,false,4,1,6,5,10,6,false,false,0,0,0,0,10,0
job,87,archer,warrior,balanced,balanced,1,1,normalDamage,8,false,false,false,5,3,7,7,11,12,false,false,0,0,0,0,8,0
job,88,archer,warrior,balanced,balanced,1,1,normalDamage,6,false,false,false,0,0,5,5,8,8,false,false,0,0,0,0,6,0
job,89,archer,warrior,balanced,balanced,1,1,normalDamage,7,false,false,false,6,2,6,6,9,9,false,false,0,0,0,0,12,0
job,90,archer,warrior,balanced,balanced,1,0,normalDamage,7,false,false,false,5,1,6,7,11,11,false,false,0,0,1,0,10,0
job,91,archer,warrior,balanced,balanced,1,0,normalDamage,7,false,false,false,4,6,6,7,10,10,false,false,0,0,0,0,10,0
job,92,archer,warrior,balanced,balanced,0,0,normalDamage,6,false,false,false,0,0,5,5,9,8,false,false,0,0,1,0,6,0
job,93,archer,warrior,balanced,balanced,1,1,normalDamage,6,false,false,false,2,1,5,5,7,8,false,false,0,0,1,0,10,0
job,94,archer,warrior,balanced,balanced,1,0,normalDamage,6,false,false,false,2,3,5,6,9,10,false,false,0,0,0,0,12,0
job,95,archer,warrior,balanced,balanced,1,1,normalDamage,7,false,false,false,2,2,6,6,11,10,false,false,0,0,1,0,8,0
job,96,archer,warrior,balanced,balanced,1,1,normalDamage,5,false,false,false,0,0,4,4,4,6,false,false,0,0,0,0,0,0
job,97,archer,warrior,balanced,balanced,1,1,normalDamage,6,false,false,false,0,1,5,5,10,8,false,false,0,0,1,0,6,0
job,98,archer,warrior,balanced,balanced,1,0,normalDamage,7,false,false,false,6,2,6,7,11,11,false,false,0,0,1,0,10,0
job,99,archer,warrior,balanced,balanced,0,0,normalDamage,6,false,false,false,0,0,6,5,10,7,false,false,0,0,0,0,6,0
job,100,archer,warrior,balanced,balanced,1,1,normalDamage,7,false,false,false,2,1,6,6,10,10,false,false,0,0,1,0,8,0
job,1,archer,assassin,balanced,balanced,1,0,normalDamage,7,false,false,false,3,6,6,7,12,11,false,false,0,1,1,2,6,0
job,2,archer,assassin,balanced,balanced,1,1,normalDamage,7,false,false,false,3,5,6,6,10,11,false,false,0,1,0,3,2,0
job,3,archer,assassin,balanced,balanced,0,1,normalDamage,7,false,false,false,5,2,7,6,11,11,false,false,0,1,1,2,8,0
job,4,archer,assassin,balanced,balanced,0,1,normalDamage,7,false,false,false,7,3,7,6,11,11,false,false,0,1,1,2,8,0
job,5,archer,assassin,balanced,balanced,0,0,normalDamage,6,false,false,false,0,1,6,5,10,8,false,false,0,0,0,1,6,0
job,6,archer,assassin,balanced,balanced,1,0,normalDamage,7,false,false,false,6,9,6,7,11,11,false,false,0,1,1,2,12,0
job,7,archer,assassin,balanced,balanced,0,1,normalDamage,7,false,false,false,6,1,7,6,11,12,false,false,0,1,1,3,10,0
job,8,archer,assassin,balanced,balanced,1,1,normalDamage,6,false,false,false,0,1,5,5,9,8,false,false,0,1,0,0,2,0
job,9,archer,assassin,balanced,balanced,0,0,normalDamage,8,false,false,false,10,5,8,7,12,12,false,false,0,1,0,2,12,0
job,10,archer,assassin,balanced,balanced,1,1,normalDamage,6,false,false,false,0,0,5,5,8,9,false,false,0,1,0,2,8,0
job,11,archer,assassin,balanced,balanced,1,0,normalDamage,7,false,false,false,3,9,6,7,11,10,false,false,0,0,1,3,6,0
job,12,archer,assassin,balanced,balanced,0,1,normalDamage,6,false,false,false,3,0,6,5,10,9,false,false,0,1,1,1,8,0
job,13,archer,assassin,balanced,balanced,0,1,normalDamage,5,false,false,false,2,0,5,4,6,8,false,false,0,1,0,0,8,0
job,14,archer,assassin,balanced,balanced,0,1,normalDamage,7,false,false,false,9,3,7,6,10,12,false,false,0,1,0,1,8,0
job,15,archer,assassin,balanced,balanced,0,0,normalDamage,5,false,false,false,0,0,4,4,5,5,false,false,0,0,0,0,2,0
job,16,archer,assassin,balanced,balanced,0,1,normalDamage,7,false,false,false,6,2,7,6,11,11,false,false,0,1,1,1,6,0
job,17,archer,assassin,balanced,balanced,0,0,normalDamage,6,false,false,false,2,0,5,5,9,8,false,false,0,0,1,2,12,0
job,18,archer,assassin,balanced,balanced,0,0,normalDamage,6,false,false,false,0,0,5,5,10,9,false,false,0,1,1,0,10,0
job,19,archer,assassin,balanced,balanced,1,0,normalDamage,7,false,false,false,1,9,6,7,11,11,false,false,0,1,1,2,8,0
job,20,archer,assassin,balanced,balanced,1,1,normalDamage,8,false,false,false,4,8,7,7,12,12,false,false,0,1,0,3,6,0
job,21,archer,assassin,balanced,balanced,1,0,normalDamage,8,false,false,true,4,11,7,8,13,12,false,false,0,1,0,3,8,0
job,22,archer,assassin,balanced,balanced,0,0,normalDamage,6,false,false,false,1,0,5,5,9,8,false,false,0,1,1,1,8,0
job,23,archer,assassin,balanced,balanced,0,0,normalDamage,7,false,false,false,8,1,7,6,11,10,false,false,0,1,1,1,8,0
job,24,archer,assassin,balanced,balanced,0,0,normalDamage,9,false,false,true,10,9,8,8,13,13,false,false,0,1,1,2,8,0
job,25,archer,assassin,balanced,balanced,0,0,normalDamage,8,false,false,false,11,5,8,7,11,12,false,false,0,1,0,3,8,0
job,26,archer,assassin,balanced,balanced,0,1,normalDamage,7,false,false,false,5,2,7,6,11,12,false,false,0,1,0,3,8,0
job,27,archer,assassin,balanced,balanced,0,1,normalDamage,6,false,false,false,2,0,6,5,10,10,false,false,0,1,0,1,8,0
job,28,archer,assassin,balanced,balanced,1,0,normalDamage,6,false,false,false,1,4,5,6,10,10,false,false,0,1,0,2,2,0
job,29,archer,assassin,balanced,balanced,1,0,normalDamage,7,false,false,false,2,6,6,7,12,11,false,false,0,1,1,1,8,0
job,30,archer,assassin,balanced,balanced,1,0,normalDamage,6,false,false,false,0,6,5,6,11,9,false,false,0,1,0,2,10,0
job,31,archer,assassin,balanced,balanced,1,0,normalDamage,5,false,false,false,0,0,4,5,8,8,false,false,0,1,0,1,10,0
job,32,archer,assassin,balanced,balanced,0,1,normalDamage,6,false,false,false,2,2,6,5,10,9,false,false,0,1,0,2,12,0
job,33,archer,assassin,balanced,balanced,1,0,normalDamage,8,false,false,true,8,11,7,8,12,12,false,false,0,1,1,3,8,0
job,34,archer,assassin,balanced,balanced,1,0,normalDamage,10,false,false,true,12,16,9,9,14,13,false,false,0,1,1,3,12,0
job,35,archer,assassin,balanced,balanced,0,0,normalDamage,13,false,false,true,28,27,12,12,17,17,false,false,0,1,1,5,12,0
job,36,archer,assassin,balanced,balanced,0,0,normalDamage,6,false,false,false,1,0,5,5,8,8,false,false,0,1,0,0,2,0
job,37,archer,assassin,balanced,balanced,1,1,normalDamage,5,false,false,false,0,0,4,4,6,8,false,false,0,1,0,0,10,0
job,38,archer,assassin,balanced,balanced,1,0,normalDamage,9,false,false,true,9,14,8,9,14,13,false,false,0,1,2,3,8,0
job,39,archer,assassin,balanced,balanced,0,1,normalDamage,9,false,false,true,12,10,9,8,13,14,false,false,0,1,1,3,10,0
job,40,archer,assassin,balanced,balanced,1,0,normalDamage,6,false,false,false,0,4,5,6,9,10,false,false,0,1,0,2,6,0
job,41,archer,assassin,balanced,balanced,0,0,normalDamage,10,false,false,true,19,14,10,9,14,14,false,false,0,1,1,3,14,0
job,42,archer,assassin,balanced,balanced,0,1,normalDamage,9,false,false,true,15,10,9,8,13,14,false,false,0,1,0,3,12,0
job,43,archer,assassin,balanced,balanced,1,1,normalDamage,8,false,false,false,4,9,7,7,12,12,false,false,0,1,1,2,8,0
job,44,archer,assassin,balanced,balanced,1,0,normalDamage,9,false,false,true,9,16,8,9,14,13,false,false,0,1,2,2,8,0
job,45,archer,assassin,balanced,balanced,1,1,normalDamage,10,false,false,true,11,16,9,9,14,14,false,false,0,1,0,4,8,0
job,46,archer,assassin,balanced,balanced,0,1,normalDamage,7,false,false,false,5,4,7,6,11,11,false,false,0,1,1,1,8,0
job,47,archer,assassin,balanced,balanced,0,1,normalDamage,8,false,false,true,10,5,8,7,12,13,false,false,0,1,1,3,10,0
job,48,archer,assassin,balanced,balanced,0,1,normalDamage,7,false,false,false,5,3,7,6,11,11,false,false,0,1,1,2,8,0
job,49,archer,assassin,balanced,balanced,0,1,normalDamage,7,false,false,false,5,2,7,6,11,12,false,false,0,1,1,2,8,0
job,50,archer,assassin,balanced,balanced,1,0,normalDamage,7,false,false,false,3,6,6,7,12,11,false,false,0,1,1,3,12,0
job,51,archer,assassin,balanced,balanced,1,0,normalDamage,8,false,false,false,4,7,7,7,12,11,false,false,0,0,0,2,8,0
job,52,archer,assassin,balanced,balanced,1,0,normalDamage,11,false,false,true,16,25,10,11,16,15,false,false,0,1,1,4,12,0
job,53,archer,assassin,balanced,balanced,1,1,normalDamage,5,false,false,false,0,0,4,4,4,6,false,false,0,0,0,0,2,0
job,54,archer,assassin,balanced,balanced,0,1,normalDamage,10,false,false,true,20,12,10,9,14,15,false,false,0,1,1,4,10,0
job,55,archer,assassin,balanced,balanced,0,0,normalDamage,9,false,false,true,11,7,8,8,13,13,false,false,0,1,1,3,8,0
job,56,archer,assassin,balanced,balanced,0,0,normalDamage,6,false,false,false,2,0,5,5,10,8,false,false,0,1,1,0,12,0
job,57,archer,assassin,balanced,balanced,1,0,normalDamage,7,false,false,false,4,6,6,7,11,11,false,false,0,1,1,2,2,0
job,58,archer,assassin,balanced,balanced,0,0,normalDamage,7,false,false,false,3,3,6,6,11,11,false,false,0,1,1,1,6,0
job,59,archer,assassin,balanced,balanced,1,0,normalDamage,6,false,false,false,0,0,5,5,8,7,false,false,0,0,0,1,10,0
job,60,archer,assassin,balanced,balanced,0,1,normalDamage,9,false,false,true,15,9,9,8,13,14,false,false,0,1,1,3,14,0
job,61,archer,assassin,balanced,balanced,0,0,normalDamage,6,false,false,false,1,0,6,5,9,8,false,false,0,0,0,1,6,0
job,62,archer,assassin,balanced,balanced,0,0,normalDamage,11,false,false,true,20,19,10,10,15,15,false,false,0,1,0,3,10,0
job,63,archer,assassin,balanced,balanced,1,1,normalDamage,8,false,false,false,4,8,7,7,12,12,false,false,0,1,0,3,12,0
job,64,archer,assassin,balanced,balanced,0,0,normalDamage,7,false,false,false,9,1,6,6,10,10,false,false,0,1,0,2,12,0
job,65,archer,assassin,balanced,balanced,0,1,normalDamage,9,false,false,true,14,7,9,8,13,14,false,false,0,1,1,3,8,0
job,66,archer,assassin,balanced,balanced,1,0,normalDamage,6,false,false,false,0,3,5,6,9,9,false,false,0,0,0,2,12,0
job,67,archer,assassin,balanced,balanced,1,0,normalDamage,7,false,false,false,4,6,6,7,12,11,false,false,0,1,0,2,8,0
job,68,archer,assassin,balanced,balanced,0,1,normalDamage,8,false,false,true,10,5,8,7,12,13,false,false,0,1,1,3,12,0
job,69,archer,assassin,balanced,balanced,1,0,normalDamage,8,false,false,false,4,6,7,7,12,11,false,false,0,1,1,2,8,0
job,70,archer,assassin,balanced,balanced,1,0,normalDamage,6,false,false,false,0,3,5,6,10,10,false,false,0,1,0,3,10,0
job,71,archer,assassin,balanced,balanced,0,0,normalDamage,9,false,false,true,10,10,8,8,13,13,false,false,0,1,1,3,6,0
job,72,archer,assassin,balanced,balanced,0,1,normalDamage,6,false,false,false,4,0,6,5,9,10,false,false,0,1,1,1,6,0
job,73,archer,assassin,balanced,balanced,0,1,normalDamage,6,false,false,false,1,1,6,5,10,11,false,false,0,1,0,2,8,0
job,74,archer,assassin,balanced,balanced,0,0,normalDamage,6,false,false,false,4,0,6,5,9,8,false,false,0,1,0,1,12,0
job,75,archer,assassin,balanced,balanced,0,1,normalDamage,7,false,false,false,5,1,7,6,11,12,false,false,0,1,0,3,12,0
job,76,archer,assassin,balanced,balanced,0,1,normalDamage,6,false,false,false,1,1,6,5,10,10,false,false,0,1,0,1,2,0
job,77,archer,assassin,balanced,balanced,0,1,normalDamage,9,false,false,true,15,9,9,8,13,14,false,false,0,2,1,3,12,0
job,78,archer,assassin,balanced,balanced,1,0,normalDamage,7,false,false,false,4,9,6,7,11,11,false,false,0,0,0,1,6,0
job,79,archer,assassin,balanced,balanced,1,0,normalDamage,6,false,false,false,0,5,5,6,9,10,false,false,0,0,0,2,10,0
job,80,archer,assassin,balanced,balanced,0,1,normalDamage,7,false,false,false,8,3,7,6,11,12,false,false,0,1,0,1,12,0
job,81,archer,assassin,balanced,balanced,0,0,normalDamage,7,false,false,false,4,3,6,6,11,11,false,false,0,1,1,2,2,0
job,82,archer,assassin,balanced,balanced,1,0,normalDamage,6,false,false,false,0,3,5,6,10,10,false,false,0,1,1,2,8,0
job,83,archer,assassin,balanced,balanced,1,0,normalDamage,6,false,false,false,0,1,5,6,10,10,false,false,0,1,1,1,8,0
job,84,archer,assassin,balanced,balanced,1,0,normalDamage,7,false,false,false,3,6,6,7,11,11,false,false,0,1,1,1,8,0
job,85,archer,assassin,balanced,balanced,0,0,normalDamage,6,false,false,false,2,0,5,5,10,8,false,false,0,1,1,0,8,0
job,86,archer,assassin,balanced,balanced,0,0,normalDamage,6,false,false,false,4,0,6,5,10,7,false,false,0,0,0,0,10,0
job,87,archer,assassin,balanced,balanced,1,0,normalDamage,9,false,false,true,9,11,8,8,13,12,false,false,0,0,1,3,12,0
job,88,archer,assassin,balanced,balanced,1,1,normalDamage,7,false,false,false,1,5,6,6,10,11,false,false,0,0,1,2,6,0
job,89,archer,assassin,balanced,balanced,1,0,normalDamage,8,false,false,true,4,11,7,8,13,12,false,false,0,1,1,3,8,0
job,90,archer,assassin,balanced,balanced,1,0,normalDamage,7,false,false,false,3,6,6,7,11,11,false,false,0,0,0,3,12,0
job,91,archer,assassin,balanced,balanced,1,0,normalDamage,6,false,false,false,3,4,5,6,9,10,false,false,0,1,1,0,12,0
job,92,archer,assassin,balanced,balanced,0,1,normalDamage,7,false,false,false,5,3,7,6,11,11,false,false,0,1,1,2,8,0
job,93,archer,assassin,balanced,balanced,1,0,normalDamage,6,false,false,false,1,5,5,6,10,9,false,false,0,0,1,2,12,0
job,94,archer,assassin,balanced,balanced,1,0,normalDamage,6,false,false,false,2,4,5,6,9,10,false,false,0,1,0,1,12,0
job,95,archer,assassin,balanced,balanced,1,0,normalDamage,7,false,false,false,2,6,6,7,12,11,false,false,0,1,0,3,8,0
job,96,archer,assassin,balanced,balanced,1,0,normalDamage,7,false,false,false,0,4,6,6,10,10,false,false,0,1,0,3,8,0
job,97,archer,assassin,balanced,balanced,1,0,normalDamage,9,false,false,true,9,15,8,9,14,13,false,false,0,1,0,2,12,0
job,98,archer,assassin,balanced,balanced,1,0,normalDamage,7,false,false,false,2,7,6,7,12,11,false,false,0,0,1,3,8,0
job,99,archer,assassin,balanced,balanced,0,0,normalDamage,6,false,false,false,0,0,5,5,9,9,false,false,0,1,0,1,2,0
job,100,archer,assassin,balanced,balanced,1,1,normalDamage,9,false,false,true,9,11,8,8,13,13,false,false,0,1,1,3,12,0
job,1,archer,archer,balanced,balanced,1,0,normalDamage,8,false,false,false,4,5,7,7,12,11,false,false,0,0,1,0,8,8
job,2,archer,archer,balanced,balanced,1,1,normalDamage,6,false,false,false,3,1,5,5,8,10,false,false,0,0,1,1,2,8
job,3,archer,archer,balanced,balanced,0,1,normalDamage,8,false,false,true,14,11,8,7,11,11,false,false,0,0,1,0,8,12
job,4,archer,archer,balanced,balanced,0,1,normalDamage,6,false,false,false,7,1,6,5,9,9,false,false,0,0,1,1,8,12
job,5,archer,archer,balanced,balanced,0,0,normalDamage,6,false,false,false,0,0,6,5,10,8,false,false,0,0,0,0,8,6
job,6,archer,archer,balanced,balanced,1,0,normalDamage,7,false,false,false,2,4,6,6,11,10,false,false,0,0,1,0,12,2
job,7,archer,archer,balanced,balanced,0,1,normalDamage,7,false,false,false,6,3,7,6,11,12,false,false,0,0,1,1,10,8
job,8,archer,archer,balanced,balanced,1,1,normalDamage,6,false,false,false,0,0,5,5,8,8,false,false,0,0,0,0,10,6
job,9,archer,archer,balanced,balanced,0,1,normalDamage,8,false,false,true,10,9,8,7,12,11,false,false,0,0,1,1,8,12
job,10,archer,archer,balanced,balanced,1,1,normalDamage,6,false,false,false,0,0,5,5,8,8,false,false,0,0,0,0,10,4
job,11,archer,archer,balanced,balanced,1,0,normalDamage,8,false,false,true,8,10,7,8,12,12,false,false,0,0,1,1,8,8
job,12,archer,archer,balanced,balanced,0,0,normalDamage,7,false,false,false,3,2,6,6,11,9,false,false,0,0,1,1,8,10
job,13,archer,archer,balanced,balanced,0,0,normalDamage,6,false,false,false,1,1,6,5,9,9,false,false,0,0,0,1,6,10
job,14,archer,archer,balanced,balanced,0,1,normalDamage,7,false,false,false,5,2,7,6,11,12,false,false,0,0,1,1,8,6
job,15,archer,archer,balanced,balanced,0,0,normalDamage,6,false,false,false,1,0,6,5,10,10,false,false,0,0,0,1,6,6
job,16,archer,archer,balanced,balanced,0,1,normalDamage,6,false,false,false,3,1,6,5,9,10,false,false,0,0,0,1,2,0
job,17,archer,archer,balanced,balanced,0,0,normalDamage,6,false,false,false,0,1,5,5,9,8,false,false,0,0,1,1,10,6
job,18,archer,archer,balanced,balanced,0,1,normalDamage,6,false,false,false,6,0,6,5,9,9,false,false,0,0,1,0,12,2
job,19,archer,archer,balanced,balanced,1,0,normalDamage,6,false,false,false,0,4,5,6,9,10,false,false,0,0,0,1,10,12
job,20,archer,archer,balanced,balanced,1,0,normalDamage,6,false,false,false,1,1,5,6,9,10,false,false,0,0,1,1,2,4
job,21,archer,archer,balanced,balanced,1,0,normalDamage,7,false,false,false,4,6,6,7,12,10,false,false,0,0,1,0,8,6
job,22,archer,archer,balanced,balanced,0,1,normalDamage,5,false,false,false,0,0,5,4,7,7,false,false,0,0,1,0,2,6
job,23,archer,archer,balanced,balanced,0,1,normalDamage,6,false,false,false,3,0,6,5,10,9,false,false,0,0,0,0,6,4
job,24,archer,archer,balanced,balanced,0,0,normalDamage,8,false,false,false,10,8,8,7,12,11,false,false,0,0,1,1,8,10
job,25,archer,archer,balanced,balanced,0,1,normalDamage,7,false,false,false,5,8,7,6,11,11,false,false,0,0,1,1,6,8
job,26,archer,archer,balanced,balanced,0,1,normalDamage,6,false,false,false,3,0,6,5,10,9,false,false,0,0,1,0,6,8
job,27,archer,archer,balanced,balanced,0,0,normalDamage,8,false,false,false,7,4,7,7,12,12,false,false,0,0,1,1,8,8
job,28,archer,archer,balanced,balanced,1,0,normalDamage,8,false,false,false,4,12,7,7,12,8,false,false,0,0,0,1,6,8
job,29,archer,archer,balanced,balanced,1,0,normalDamage,7,false,false,false,2,7,6,7,12,10,false,false,0,0,1,1,10,8
job,30,archer,archer,balanced,balanced,1,0,normalDamage,6,false,false,false,4,5,5,6,10,9,false,false,0,0,1,0,10,8
job,31,archer,archer,balanced,balanced,1,1,normalDamage,6,false,false,false,2,1,5,5,8,8,false,false,0,0,0,1,10,6
job,32,archer,archer,balanced,balanced,0,1,normalDamage,5,false,false,false,0,0,5,4,9,7,false,false,0,0,1,0,10,10
job,33,archer,archer,balanced,balanced,1,0,normalDamage,7,false,false,false,1,6,6,7,12,11,false,false,0,0,1,1,8,8
job,34,archer,archer,balanced,balanced,1,0,normalDamage,7,false,false,false,2,1,6,6,10,10,false,false,0,0,1,1,12,2
job,35,archer,archer,balanced,balanced,0,0,normalDamage,7,false,false,false,5,2,6,6,10,11,false,false,0,0,1,1,12,6
job,36,archer,archer,balanced,balanced,0,0,normalDamage,6,false,false,false,1,2,5,5,8,7,false,false,0,0,0,0,2,8
job,37,archer,archer,balanced,balanced,1,1,normalDamage,6,false,false,false,2,0,5,5,8,10,false,false,0,0,1,1,10,6
job,38,archer,archer,balanced,balanced,1,0,normalDamage,8,false,false,false,6,7,7,7,11,11,false,false,0,0,1,1,8,10
job,39,archer,archer,balanced,balanced,0,1,normalDamage,5,false,false,false,2,0,5,4,8,7,false,false,0,0,1,0,8,10
job,40,archer,archer,balanced,balanced,1,1,normalDamage,8,false,false,false,4,8,7,7,12,12,false,false,0,0,1,1,6,8
job,41,archer,archer,balanced,balanced,0,1,normalDamage,6,false,false,false,0,1,5,5,8,8,false,false,0,0,0,1,8,12
job,42,archer,archer,balanced,balanced,0,0,normalDamage,8,false,false,false,8,8,7,7,12,11,false,false,0,0,1,0,8,8
job,43,archer,archer,balanced,balanced,1,0,normalDamage,6,false,false,false,0,0,5,5,8,8,false,false,0,0,0,1,10,8
job,44,archer,archer,balanced,balanced,1,1,normalDamage,8,false,false,false,9,12,7,7,10,11,false,false,0,0,0,1,6,8
job,45,archer,archer,balanced,balanced,1,0,normalDamage,6,false,false,false,0,5,5,6,10,8,false,false,0,0,1,0,12,12
job,46,archer,archer,balanced,balanced,0,1,normalDamage,7,false,false,false,6,7,7,6,10,10,false,false,0,0,1,1,8,12
job,47,archer,archer,balanced,balanced,0,1,normalDamage,7,false,false,false,12,2,7,6,10,12,false,false,0,0,1,1,12,8
job,48,archer,archer,balanced,balanced,0,1,normalDamage,6,false,false,false,5,0,6,5,8,10,false,false,0,0,1,0,8,8
job,49,archer,archer,balanced,balanced,0,0,normalDamage,9,false,false,true,14,9,8,8,12,13,false,false,0,0,1,1,8,8
job,50,archer,archer,balanced,balanced,1,1,normalDamage,6,false,false,false,1,1,5,5,9,9,false,false,0,0,1,1,12,8
job,51,archer,archer,balanced,balanced,1,0,normalDamage,8,false,false,true,4,10,7,8,13,12,false,false,0,0,1,0,8,8
job,52,archer,archer,balanced,balanced,1,1,normalDamage,6,false,false,false,1,0,5,5,9,9,false,false,0,0,0,1,12,8
job,53,archer,archer,balanced,balanced,1,0,normalDamage,8,false,false,false,4,6,7,7,12,10,false,false,0,0,1,1,6,6
job,54,archer,archer,balanced,balanced,0,1,normalDamage,6,false,false,false,3,3,6,5,10,8,false,false,0,0,1,0,6,10
job,55,archer,archer,balanced,balanced,0,1,normalDamage,8,false,false,false,10,4,7,7,9,12,false,false,0,0,0,1,8,10
job,56,archer,archer,balanced,balanced,0,0,normalDamage,7,false,false,false,7,2,6,6,9,9,false,false,0,0,1,1,10,2
job,57,archer,archer,balanced,balanced,1,0,normalDamage,6,false,false,false,0,4,5,6,9,9,false,false,0,0,0,1,2,8
job,58,archer,archer,balanced,balanced,0,0,normalDamage,7,false,false,false,7,2,6,6,10,11,false,false,0,0,1,0,8,12
job,59,archer,archer,balanced,balanced,1,0,normalDamage,7,false,false,false,4,5,6,7,10,11,false,false,0,0,1,0,12,8
job,60,archer,archer,balanced,balanced,0,1,normalDamage,8,false,false,false,14,4,7,7,9,12,false,false,0,0,1,1,12,8
job,61,archer,archer,balanced,balanced,0,0,normalDamage,5,false,false,false,0,0,4,4,5,6,false,false,0,0,0,0,2,6
job,62,archer,archer,balanced,balanced,0,1,normalDamage,5,false,false,false,0,0,5,4,8,7,false,false,0,0,1,0,10,10
job,63,archer,archer,balanced,balanced,1,0,normalDamage,6,false,false,false,0,5,5,6,11,9,false,false,0,0,1,1,10,8
job,64,archer,archer,balanced,balanced,0,0,normalDamage,6,false,false,false,1,0,5,5,10,8,false,false,0,0,0,1,10,6
job,65,archer,archer,balanced,balanced,0,1,normalDamage,6,false,false,false,5,1,6,5,10,10,false,false,0,0,1,1,8,12
job,66,archer,archer,balanced,balanced,1,0,normalDamage,5,false,false,false,0,0,4,5,7,8,false,false,0,0,0,0,10,6
job,67,archer,archer,balanced,balanced,1,1,normalDamage,6,false,false,false,0,1,5,6,8,10,false,false,0,0,1,0,6,12
job,68,archer,archer,balanced,balanced,0,1,normalDamage,7,false,false,false,9,2,7,6,10,12,false,false,0,0,1,0,8,12
job,69,archer,archer,balanced,balanced,1,1,normalDamage,7,false,false,false,2,3,6,6,11,11,false,false,0,0,1,1,6,6
job,70,archer,archer,balanced,balanced,1,0,normalDamage,6,false,false,false,1,2,5,6,10,10,false,false,0,0,1,0,10,2
job,71,archer,archer,balanced,balanced,0,1,normalDamage,8,false,false,true,10,8,8,7,12,12,false,false,0,0,1,1,6,12
job,72,archer,archer,balanced,balanced,0,0,normalDamage,6,false,false,false,4,0,6,5,9,8,false,false,0,0,1,0,6,8
job,73,archer,archer,balanced,balanced,0,1,normalDamage,8,false,false,false,6,6,7,7,11,11,false,false,0,0,1,1,12,6
job,74,archer,archer,balanced,balanced,0,0,normalDamage,6,false,false,false,2,1,5,5,8,7,false,false,0,0,0,1,10,12
job,75,archer,archer,balanced,balanced,0,1,normalDamage,7,false,false,false,8,0,6,6,8,11,false,false,0,0,0,0,12,10
job,76,archer,archer,balanced,balanced,0,1,normalDamage,7,false,false,false,5,0,6,6,9,10,false,false,0,0,1,0,2,4
job,77,archer,archer,balanced,balanced,0,0,normalDamage,8,false,false,false,7,8,7,7,12,11,false,false,0,0,1,1,12,8
job,78,archer,archer,balanced,balanced,1,0,normalDamage,7,false,false,false,4,12,6,7,12,10,false,false,0,0,0,1,8,8
job,79,archer,archer,balanced,balanced,1,0,normalDamage,8,false,false,true,9,14,7,8,11,11,false,false,0,0,1,1,8,12
job,80,archer,archer,balanced,balanced,0,1,normalDamage,7,false,false,false,8,3,7,6,11,11,false,false,0,0,1,1,12,12
job,81,archer,archer,balanced,balanced,0,1,normalDamage,8,false,false,true,10,8,8,7,12,12,false,false,0,0,1,1,6,8
job,82,archer,archer,balanced,balanced,1,0,normalDamage,7,false,false,false,3,8,6,7,11,10,false,false,0,0,1,1,8,12
job,83,archer,archer,balanced,balanced,1,0,normalDamage,7,false,false,false,0,2,6,6,10,9,false,false,0,0,0,0,6,8
job,84,archer,archer,balanced,balanced,1,1,normalDamage,8,false,false,false,8,8,7,7,11,11,false,false,0,0,1,0,8,8
job,85,archer,archer,balanced,balanced,0,1,normalDamage,7,false,false,false,5,3,7,6,11,11,false,false,0,0,1,1,8,8
job,86,archer,archer,balanced,balanced,0,1,normalDamage,8,false,false,false,11,4,7,7,9,12,false,false,0,0,1,1,10,6
job,87,archer,archer,balanced,balanced,1,0,normalDamage,7,false,false,false,4,8,6,7,12,11,false,false,0,0,1,0,6,10
job,88,archer,archer,balanced,balanced,1,1,normalDamage,7,false,false,false,4,6,6,6,10,11,false,false,0,0,1,0,8,12
job,89,archer,archer,balanced,balanced,1,0,normalDamage,6,false,false,false,2,6,5,6,10,9,false,false,0,0,1,1,12,6
job,90,archer,archer,balanced,balanced,1,0,normalDamage,7,false,false,false,4,9,6,7,10,10,false,false,0,0,1,1,12,8
job,91,archer,archer,balanced,balanced,1,1,normalDamage,6,false,false,false,0,3,5,6,8,10,false,false,0,0,1,0,8,10
job,92,archer,archer,balanced,balanced,0,1,normalDamage,7,false,false,false,5,5,7,6,11,11,false,false,0,0,0,1,8,8
job,93,archer,archer,balanced,balanced,1,0,normalDamage,8,false,false,true,11,14,7,8,11,11,false,false,0,0,0,1,12,8
job,94,archer,archer,balanced,balanced,1,1,normalDamage,5,false,false,false,0,0,4,5,4,7,false,false,0,0,0,0,2,6
job,95,archer,archer,balanced,balanced,1,1,normalDamage,5,false,false,false,0,0,4,5,7,8,false,false,0,0,0,0,6,10
job,96,archer,archer,balanced,balanced,1,0,normalDamage,6,false,false,false,0,4,5,6,9,9,false,false,0,0,1,1,6,2
job,97,archer,archer,balanced,balanced,1,1,normalDamage,8,false,false,false,8,8,7,7,11,12,false,false,0,0,1,1,12,12
job,98,archer,archer,balanced,balanced,1,1,normalDamage,8,false,false,false,8,10,7,8,11,12,false,false,0,0,1,1,8,6
job,99,archer,archer,balanced,balanced,0,1,normalDamage,8,false,false,false,5,4,7,7,11,12,false,false,0,0,0,1,8,8
job,100,archer,archer,balanced,balanced,1,1,normalDamage,6,false,false,false,0,0,5,5,8,8,false,false,0,0,1,0,12,12
profile,1,warrior,warrior,aggressive,aggressive,1,1,normalDamage,7,false,false,false,0,0,6,6,9,11,false,false,0,0,0,0,0,0
profile,2,warrior,warrior,aggressive,aggressive,1,1,normalDamage,5,false,false,false,0,0,4,4,5,6,false,false,0,0,0,0,0,0
profile,3,warrior,warrior,aggressive,aggressive,0,0,normalDamage,5,false,false,false,0,0,4,4,5,5,false,false,0,0,0,0,0,0
profile,4,warrior,warrior,aggressive,aggressive,0,0,normalDamage,6,false,false,false,1,0,5,5,8,7,false,false,0,0,0,0,0,0
profile,5,warrior,warrior,aggressive,aggressive,0,0,normalDamage,6,false,false,false,0,0,5,5,6,7,false,false,0,0,0,0,0,0
profile,6,warrior,warrior,aggressive,aggressive,1,1,normalDamage,6,false,false,false,0,0,5,5,7,8,false,false,0,0,0,0,0,0
profile,7,warrior,warrior,aggressive,aggressive,0,1,normalDamage,6,false,false,false,1,0,6,5,10,9,false,false,0,0,0,0,0,0
profile,8,warrior,warrior,aggressive,aggressive,1,1,normalDamage,6,false,false,false,0,0,5,5,6,8,false,false,0,0,0,0,0,0
profile,9,warrior,warrior,aggressive,aggressive,0,0,normalDamage,7,false,false,false,3,1,6,6,11,9,false,false,0,0,0,0,0,0
profile,10,warrior,warrior,aggressive,aggressive,1,0,normalDamage,7,false,false,false,1,4,6,7,10,11,false,false,0,0,0,0,0,0
profile,1,warrior,warrior,aggressive,balanced,1,0,normalDamage,7,false,false,false,1,5,6,7,10,11,false,false,0,0,0,0,0,0
profile,2,warrior,warrior,aggressive,balanced,1,1,normalDamage,5,false,false,false,0,0,4,4,5,6,false,false,0,0,0,0,0,0
profile,3,warrior,warrior,aggressive,balanced,0,1,normalDamage,5,false,false,false,0,0,5,4,5,6,false,false,0,0,0,0,0,0
profile,4,warrior,warrior,aggressive,balanced,0,0,normalDamage,6,false,false,false,1,0,5,5,8,6,false,false,0,0,0,0,0,0
profile,5,warrior,warrior,aggressive,balanced,0,0,normalDamage,6,false,false,false,0,1,5,5,7,6,false,false,0,0,0,0,0,0
profile,6,warrior,warrior,aggressive,balanced,1,1,normalDamage,6,false,false,false,0,0,5,5,7,8,false,false,0,0,0,0,0,0
profile,7,warrior,warrior,aggressive,balanced,0,1,normalDamage,6,false,false,false,1,0,6,5,10,9,false,false,0,0,0,0,0,0
profile,8,warrior,warrior,aggressive,balanced,1,0,normalDamage,6,false,false,false,0,1,5,6,9,9,false,false,0,0,0,0,0,0
profile,9,warrior,warrior,aggressive,balanced,0,1,normalDamage,7,false,false,false,5,0,7,6,11,11,false,false,0,0,0,0,0,0
profile,10,warrior,warrior,aggressive,balanced,1,1,normalDamage,7,false,false,false,1,2,6,6,9,11,false,false,0,0,0,0,0,0
profile,1,warrior,warrior,aggressive,defensive,1,1,normalDamage,7,false,false,false,1,0,6,6,9,11,false,false,0,0,0,0,0,0
profile,2,warrior,warrior,aggressive,defensive,1,1,normalDamage,5,false,false,false,0,0,4,4,5,5,false,false,0,0,0,0,0,0
profile,3,warrior,warrior,aggressive,defensive,0,1,normalDamage,6,false,false,false,1,0,6,5,9,8,false,false,0,0,0,0,0,0
profile,4,warrior,warrior,aggressive,defensive,0,1,normalDamage,6,false,false,false,1,0,6,5,9,8,false,false,0,0,0,0,0,0
profile,5,warrior,warrior,aggressive,defensive,0,1,normalDamage,6,false,false,false,0,1,6,5,7,9,false,false,0,0,0,0,0,0
profile,6,warrior,warrior,aggressive,defensive,1,0,normalDamage,7,false,false,false,0,7,6,7,10,10,false,false,0,0,0,0,0,0
profile,7,warrior,warrior,aggressive,defensive,0,1,normalDamage,6,false,false,false,1,0,6,5,10,9,false,false,0,0,0,0,0,0
profile,8,warrior,warrior,aggressive,defensive,1,0,normalDamage,6,false,false,false,0,1,5,6,9,9,false,false,0,0,0,0,0,0
profile,9,warrior,warrior,aggressive,defensive,0,1,normalDamage,7,false,false,false,5,0,7,6,11,11,false,false,0,0,0,0,0,0
profile,10,warrior,warrior,aggressive,defensive,1,1,normalDamage,7,false,false,false,1,4,6,6,9,10,false,false,0,0,0,0,0,0
profile,1,warrior,warrior,balanced,aggressive,1,0,normalDamage,8,false,false,true,2,6,7,8,12,12,false,false,0,0,0,0,0,0
profile,2,warrior,warrior,balanced,aggressive,1,1,normalDamage,5,false,false,false,0,0,4,4,5,6,false,false,0,0,0,0,0,0
profile,3,warrior,warrior,balanced,aggressive,0,0,normalDamage,5,false,false,false,0,0,4,4,5,5,false,false,0,0,0,0,0,0
profile,4,warrior,warrior,balanced,aggressive,0,0,normalDamage,6,false,false,false,1,0,5,5,9,7,false,false,0,0,0,0,0,0
profile,5,warrior,warrior,balanced,aggressive,0,0,normalDamage,6,false,false,false,0,0,5,5,7,7,false,false,0,0,0,0,0,0
profile,6,warrior,warrior,balanced,aggressive,1,0,normalDamage,6,false,false,false,0,1,5,6,9,10,false,false,0,0,0,0,0,0
profile,7,warrior,warrior,balanced,aggressive,0,0,normalDamage,6,false,false,false,0,0,5,5,9,8,false,false,0,0,0,0,0,0
profile,8,warrior,warrior,balanced,aggressive,1,1,normalDamage,6,false,false,false,0,0,5,5,6,8,false,false,0,0,0,0,0,0
profile,9,warrior,warrior,balanced,aggressive,0,0,normalDamage,7,false,false,false,3,1,6,6,11,9,false,false,0,0,0,0,0,0
profile,10,warrior,warrior,balanced,aggressive,1,0,normalDamage,7,false,false,false,1,4,6,7,10,11,false,false,0,0,0,0,0,0
profile,1,warrior,warrior,balanced,balanced,1,0,normalDamage,7,false,false,false,2,5,6,7,11,11,false,false,0,0,0,0,0,0
profile,2,warrior,warrior,balanced,balanced,1,1,normalDamage,5,false,false,false,0,0,4,4,5,6,false,false,0,0,0,0,0,0
profile,3,warrior,warrior,balanced,balanced,0,1,normalDamage,5,false,false,false,0,0,5,4,5,6,false,false,0,0,0,0,0,0
profile,4,warrior,warrior,balanced,balanced,0,0,normalDamage,6,false,false,false,1,0,5,5,9,6,false,false,0,0,0,0,0,0
profile,5,warrior,warrior,balanced,balanced,0,0,normalDamage,6,false,false,false,0,1,5,5,7,6,false,false,0,0,0,0,0,0
profile,6,warrior,warrior,balanced,balanced,1,0,normalDamage,6,false,false,false,0,1,5,6,9,10,false,false,0,0,0,0,0,0
profile,7,warrior,warrior,balanced,balanced,0,1,normalDamage,6,false,false,false,1,0,6,5,10,10,false,false,0,0,0,0,0,0
profile,8,warrior,warrior,balanced,balanced,1,0,normalDamage,6,false,false,false,0,1,5,6,9,9,false,false,0,0,0,0,0,0
profile,9,warrior,warrior,balanced,balanced,0,0,normalDamage,8,false,false,false,5,2,7,7,12,11,false,false,0,0,0,0,0,0
profile,10,warrior,warrior,balanced,balanced,1,0,normalDamage,7,false,false,false,1,4,6,7,11,11,false,false,0,0,0,0,0,0
profile,1,warrior,warrior,balanced,defensive,1,0,normalDamage,7,false,false,false,1,5,6,7,10,11,false,false,0,0,0,0,0,0
profile,2,warrior,warrior,balanced,defensive,1,1,normalDamage,5,false,false,false,0,0,4,4,5,5,false,false,0,0,0,0,0,0
profile,3,warrior,warrior,balanced,defensive,0,1,normalDamage,6,false,false,false,1,0,6,5,9,8,false,false,0,0,0,0,0,0
profile,4,warrior,warrior,balanced,defensive,0,1,normalDamage,6,false,false,false,1,0,6,5,9,9,false,false,0,0,0,0,0,0
profile,5,warrior,warrior,balanced,defensive,0,1,normalDamage,7,false,false,false,1,1,7,6,11,10,false,false,0,0,0,0,0,0
profile,6,warrior,warrior,balanced,defensive,1,0,normalDamage,7,false,false,false,0,7,6,7,11,10,false,false,0,0,0,0,0,0
profile,7,warrior,warrior,balanced,defensive,0,1,normalDamage,6,false,false,false,1,0,6,5,10,9,false,false,0,0,0,0,0,0
profile,8,warrior,warrior,balanced,defensive,1,0,normalDamage,6,false,false,false,0,1,5,6,9,9,false,false,0,0,0,0,0,0
profile,9,warrior,warrior,balanced,defensive,0,1,normalDamage,7,false,false,false,5,1,7,6,11,10,false,false,0,0,0,0,0,0
profile,10,warrior,warrior,balanced,defensive,1,0,normalDamage,6,false,false,false,0,2,5,6,9,10,false,false,0,0,0,0,0,0
profile,1,warrior,warrior,defensive,aggressive,1,0,normalDamage,7,false,false,false,2,5,6,7,11,11,false,false,0,0,0,0,0,0
profile,2,warrior,warrior,defensive,aggressive,1,0,normalDamage,5,false,false,false,0,0,4,5,8,6,false,false,0,0,0,0,0,0
profile,3,warrior,warrior,defensive,aggressive,0,0,normalDamage,6,false,false,false,0,0,5,5,9,6,false,false,0,0,0,0,0,0
profile,4,warrior,warrior,defensive,aggressive,0,1,normalDamage,6,false,false,false,3,0,6,5,8,9,false,false,0,0,0,0,0,0
profile,5,warrior,warrior,defensive,aggressive,0,0,normalDamage,6,false,false,false,0,0,5,5,7,7,false,false,0,0,0,0,0,0
profile,6,warrior,warrior,defensive,aggressive,1,0,normalDamage,6,false,false,false,0,1,5,6,9,10,false,false,0,0,0,0,0,0
profile,7,warrior,warrior,defensive,aggressive,0,0,normalDamage,6,false,false,false,0,0,5,5,8,8,false,false,0,0,0,0,0,0
profile,8,warrior,warrior,defensive,aggressive,1,0,normalDamage,6,false,false,false,0,0,5,6,9,10,false,false,0,0,0,0,0,0
profile,9,warrior,warrior,defensive,aggressive,0,0,normalDamage,7,false,false,false,3,1,6,6,11,9,false,false,0,0,0,0,0,0
profile,10,warrior,warrior,defensive,aggressive,1,0,normalDamage,7,false,false,false,1,4,6,7,10,11,false,false,0,0,0,0,0,0
profile,1,warrior,warrior,defensive,balanced,1,0,normalDamage,7,false,false,false,2,5,6,7,11,11,false,false,0,0,0,0,0,0
profile,2,warrior,warrior,defensive,balanced,1,0,normalDamage,5,false,false,false,0,0,4,5,8,6,false,false,0,0,0,0,0,0
profile,3,warrior,warrior,defensive,balanced,0,0,normalDamage,6,false,false,false,0,0,5,5,9,7,false,false,0,0,0,0,0,0
profile,4,warrior,warrior,defensive,balanced,0,1,normalDamage,6,false,false,false,3,0,6,5,8,8,false,false,0,0,0,0,0,0
profile,5,warrior,warrior,defensive,balanced,0,0,normalDamage,6,false,false,false,0,1,5,5,8,6,false,false,0,0,0,0,0,0
profile,6,warrior,warrior,defensive,balanced,1,0,normalDamage,6,false,false,false,0,1,5,6,9,10,false,false,0,0,0,0,0,0
profile,7,warrior,warrior,defensive,balanced,0,0,normalDamage,6,false,false,false,1,0,5,5,10,8,false,false,0,0,0,0,0,0
profile,8,warrior,warrior,defensive,balanced,1,0,normalDamage,6,false,false,false,0,1,5,6,9,9,false,false,0,0,0,0,0,0
profile,9,warrior,warrior,defensive,balanced,0,1,normalDamage,7,false,false,false,5,1,7,6,11,10,false,false,0,0,0,0,0,0
profile,10,warrior,warrior,defensive,balanced,1,0,normalDamage,7,false,false,false,3,4,6,7,11,11,false,false,0,0,0,0,0,0
profile,1,warrior,warrior,defensive,defensive,1,0,normalDamage,7,false,false,false,1,5,6,7,10,11,false,false,0,0,0,0,0,0
profile,2,warrior,warrior,defensive,defensive,1,1,normalDamage,6,false,false,false,1,2,5,5,8,8,false,false,0,0,0,0,0,0
profile,3,warrior,warrior,defensive,defensive,0,0,normalDamage,6,false,false,false,0,0,5,5,9,7,false,false,0,0,0,0,0,0
profile,4,warrior,warrior,defensive,defensive,0,1,normalDamage,6,false,false,false,3,0,6,5,8,9,false,false,0,0,0,0,0,0
profile,5,warrior,warrior,defensive,defensive,0,1,normalDamage,7,false,false,false,1,1,7,6,11,10,false,false,0,0,0,0,0,0
profile,6,warrior,warrior,defensive,defensive,1,0,normalDamage,7,false,false,false,0,7,6,7,10,10,false,false,0,0,0,0,0,0
profile,7,warrior,warrior,defensive,defensive,0,1,normalDamage,6,false,false,false,1,0,6,5,10,9,false,false,0,0,0,0,0,0
profile,8,warrior,warrior,defensive,defensive,1,0,normalDamage,6,false,false,false,0,1,5,6,9,9,false,false,0,0,0,0,0,0
profile,9,warrior,warrior,defensive,defensive,0,1,normalDamage,7,false,false,false,5,1,7,6,11,10,false,false,0,0,0,0,0,0
profile,10,warrior,warrior,defensive,defensive,1,0,normalDamage,7,false,false,false,3,4,6,7,11,11,false,false,0,0,0,0,0,0
profile,1,assassin,assassin,aggressive,aggressive,1,1,normalDamage,10,false,false,true,14,16,9,9,14,14,false,false,1,1,2,3,0,0
profile,2,assassin,assassin,aggressive,aggressive,1,0,normalDamage,11,false,false,true,19,23,10,11,16,15,false,false,2,1,2,2,0,0
profile,3,assassin,assassin,aggressive,aggressive,0,0,normalDamage,9,false,false,true,12,10,8,8,13,13,false,false,1,1,2,0,0,0
profile,4,assassin,assassin,aggressive,aggressive,0,1,normalDamage,8,false,false,true,11,5,8,7,12,13,false,false,1,1,2,2,0,0
profile,5,assassin,assassin,aggressive,aggressive,0,0,normalDamage,9,false,false,true,11,11,8,8,13,12,false,false,1,0,2,2,0,0
profile,6,assassin,assassin,aggressive,aggressive,1,1,normalDamage,10,false,false,true,16,16,9,9,13,14,false,false,0,1,3,2,0,0
profile,7,assassin,assassin,aggressive,aggressive,0,1,normalDamage,10,false,false,true,17,15,10,9,14,15,false,false,1,1,2,3,0,0
profile,8,assassin,assassin,aggressive,aggressive,1,1,normalDamage,13,false,false,true,30,30,12,12,16,16,false,false,1,1,3,2,0,0
profile,9,assassin,assassin,aggressive,aggressive,0,1,normalDamage,10,false,false,true,19,15,10,9,14,15,false,false,1,1,2,2,0,0
profile,10,assassin,assassin,aggressive,aggressive,1,0,normalDamage,9,false,false,true,10,16,8,9,14,13,false,false,1,1,4,2,0,0
profile,1,assassin,assassin,aggressive,balanced,1,0,normalDamage,7,false,false,false,4,6,6,7,12,11,false,false,1,1,2,1,0,0
profile,2,assassin,assassin,aggressive,balanced,1,0,normalDamage,9,false,false,true,9,15,8,9,14,13,false,false,2,1,2,2,0,0
profile,3,assassin,assassin,aggressive,balanced,0,0,normalDamage,8,false,false,false,6,9,7,7,12,11,false,false,1,1,1,1,0,0
profile,4,assassin,assassin,aggressive,balanced,0,1,normalDamage,10,false,false,true,18,14,10,9,14,15,false,false,1,1,3,3,0,0
profile,5,assassin,assassin,aggressive,balanced,0,1,normalDamage,9,false,false,true,16,10,9,8,13,14,false,false,1,1,2,2,0,0
profile,6,assassin,assassin,aggressive,balanced,1,0,normalDamage,9,false,false,true,10,14,8,9,14,13,false,false,1,1,2,2,0,0
profile,7,assassin,assassin,aggressive,balanced,0,0,normalDamage,10,false,false,true,13,13,9,9,14,14,false,false,1,1,3,3,0,0
profile,8,assassin,assassin,aggressive,balanced,1,0,normalDamage,8,false,false,true,8,11,7,8,12,12,false,false,1,1,2,0,0,0
profile,9,assassin,assassin,aggressive,balanced,0,0,normalDamage,10,false,false,true,16,12,9,9,14,14,false,false,1,1,3,2,0,0
profile,10,assassin,assassin,aggressive,balanced,1,0,normalDamage,9,false,false,true,10,16,8,9,14,13,false,false,1,1,4,2,0,0
profile,1,assassin,assassin,aggressive,defensive,1,0,normalDamage,7,false,false,false,4,6,6,7,12,11,false,false,1,1,2,1,0,0
profile,2,assassin,assassin,aggressive,defensive,1,0,normalDamage,7,false,false,false,4,6,6,7,12,11,false,false,1,0,3,2,0,0
profile,3,assassin,assassin,aggressive,defensive,0,1,normalDamage,14,false,false,true,39,28,14,13,18,19,false,false,1,1,3,2,0,0
profile,4,assassin,assassin,aggressive,defensive,0,1,normalDamage,10,false,false,true,18,14,10,9,14,15,false,false,1,1,3,3,0,0
profile,5,assassin,assassin,aggressive,defensive,0,1,normalDamage,9,false,false,true,16,10,9,8,13,14,false,false,1,1,2,3,0,0
profile,6,assassin,assassin,aggressive,defensive,1,0,normalDamage,9,false,false,true,10,16,8,9,14,13,false,false,1,1,3,2,0,0
profile,7,assassin,assassin,aggressive,defensive,0,0,normalDamage,10,false,false,true,13,13,9,9,14,14,false,false,1,1,3,3,0,0
profile,8,assassin,assassin,aggressive,defensive,1,1,normalDamage,13,false,false,true,30,29,12,12,16,16,false,false,1,1,3,2,0,0
profile,9,assassin,assassin,aggressive,defensive,0,0,normalDamage,11,false,false,true,19,17,10,10,15,15,false,false,1,1,3,2,0,0
profile,10,assassin,assassin,aggressive,defensive,1,0,normalDamage,9,false,false,true,10,16,8,9,14,13,false,false,1,1,4,2,0,0
profile,1,assassin,assassin,balanced,aggressive,1,1,normalDamage,10,false,false,true,15,16,9,9,14,14,false,false,1,1,2,3,0,0
profile,2,assassin,assassin,balanced,aggressive,1,1,normalDamage,10,false,false,true,13,15,9,9,14,14,false,false,2,1,1,2,0,0
profile,3,assassin,assassin,balanced,aggressive,0,0,normalDamage,9,false,false,true,12,10,8,8,13,13,false,false,1,1,2,0,0,0
profile,4,assassin,assassin,balanced,aggressive,0,1,normalDamage,9,false,false,true,16,14,9,8,13,13,false,false,1,1,0,1,0,0
profile,5,assassin,assassin,balanced,aggressive,0,0,normalDamage,11,false,false,true,18,18,10,10,15,15,false,false,1,1,3,2,0,0
profile,6,assassin,assassin,balanced,aggressive,1,0,normalDamage,13,false,false,true,25,33,12,13,18,17,false,false,2,1,4,4,0,0
profile,7,assassin,assassin,balanced,aggressive,0,0,normalDamage,9,false,false,true,11,8,8,8,13,13,false,false,1,1,3,1,0,0
profile,8,assassin,assassin,balanced,aggressive,1,0,normalDamage,8,false,false,true,8,11,7,8,12,12,false,false,1,1,2,1,0,0
profile,9,assassin,assassin,balanced,aggressive,0,1,normalDamage,10,false,false,true,21,12,10,9,14,15,false,false,1,1,3,2,0,0
profile,10,assassin,assassin,balanced,aggressive,1,0,normalDamage,9,false,false,true,9,16,8,9,14,13,false,false,1,1,3,2,0,0
profile,1,assassin,assassin,balanced,balanced,1,0,normalDamage,10,false,false,true,15,20,9,10,15,14,false,false,1,1,2,2,0,0
profile,2,assassin,assassin,balanced,balanced,1,draw,roundCap,20,false,true,true,61,62,20,20,24,23,false,false,2,2,4,6,0,0
profile,3,assassin,assassin,balanced,balanced,0,0,normalDamage,9,false,false,true,12,9,8,8,12,13,false,false,1,1,3,1,0,0
profile,4,assassin,assassin,balanced,balanced,0,1,normalDamage,13,false,false,true,30,29,13,12,17,17,false,false,2,2,3,3,0,0
profile,5,assassin,assassin,balanced,balanced,0,0,normalDamage,9,false,false,true,11,10,8,8,13,13,false,false,1,0,2,1,0,0
profile,6,assassin,assassin,balanced,balanced,1,1,normalDamage,9,false,false,true,11,11,8,8,12,13,false,false,0,1,2,2,0,0
profile,7,assassin,assassin,balanced,balanced,0,1,normalDamage,8,false,false,true,11,5,8,7,12,13,false,false,1,1,2,3,0,0
profile,8,assassin,assassin,balanced,balanced,1,0,normalDamage,8,false,false,true,8,11,7,8,12,12,false,false,1,1,2,0,0,0
profile,9,assassin,assassin,balanced,balanced,0,1,normalDamage,10,false,false,true,21,12,10,9,14,15,false,false,1,1,3,2,0,0
profile,10,assassin,assassin,balanced,balanced,1,0,normalDamage,8,false,false,true,5,11,7,8,13,12,false,false,1,1,3,2,0,0
profile,1,assassin,assassin,balanced,defensive,1,1,normalDamage,10,false,false,true,15,16,9,9,14,14,false,false,1,1,2,2,0,0
profile,2,assassin,assassin,balanced,defensive,1,0,normalDamage,19,false,false,true,52,56,18,19,24,23,false,false,2,1,5,5,0,0
profile,3,assassin,assassin,balanced,defensive,0,0,normalDamage,9,false,false,true,12,9,8,8,12,13,false,false,1,1,3,1,0,0
profile,4,assassin,assassin,balanced,defensive,0,1,normalDamage,13,false,false,true,30,29,13,12,17,17,false,false,2,2,3,3,0,0
profile,5,assassin,assassin,balanced,defensive,0,0,normalDamage,10,false,false,true,16,15,9,9,14,14,false,false,1,1,2,2,0,0
profile,6,assassin,assassin,balanced,defensive,1,0,normalDamage,9,false,false,true,11,16,8,9,13,13,false,false,1,1,3,2,0,0
profile,7,assassin,assassin,balanced,defensive,0,1,normalDamage,12,false,false,true,28,25,12,11,16,16,false,false,1,1,2,3,0,0
profile,8,assassin,assassin,balanced,defensive,1,0,normalDamage,9,false,false,true,10,14,8,9,14,13,false,false,1,1,3,1,0,0
profile,9,assassin,assassin,balanced,defensive,0,0,normalDamage,6,false,false,false,3,1,5,5,9,9,false,false,1,1,1,0,0,0
profile,10,assassin,assassin,balanced,defensive,1,0,normalDamage,9,false,false,true,9,16,8,9,14,13,false,false,1,1,3,2,0,0
profile,1,assassin,assassin,defensive,aggressive,1,0,normalDamage,11,false,false,true,20,25,10,11,16,15,false,false,1,1,4,2,0,0
profile,2,assassin,assassin,defensive,aggressive,1,1,normalDamage,15,false,false,true,33,35,14,14,19,19,false,false,2,1,2,5,0,0
profile,3,assassin,assassin,defensive,aggressive,0,0,normalDamage,10,false,false,true,15,15,9,9,14,14,false,false,2,1,2,2,0,0
profile,4,assassin,assassin,defensive,aggressive,0,1,normalDamage,8,false,false,true,11,8,8,7,12,13,false,false,1,1,2,2,0,0
profile,5,assassin,assassin,defensive,aggressive,0,0,normalDamage,12,false,false,true,23,25,11,11,16,15,false,false,1,1,1,3,0,0
profile,6,assassin,assassin,defensive,aggressive,1,1,normalDamage,10,false,false,true,16,16,9,9,13,14,false,false,0,1,3,2,0,0
profile,7,assassin,assassin,defensive,aggressive,0,1,normalDamage,10,false,false,true,17,13,10,9,14,15,false,false,1,2,3,2,0,0
profile,8,assassin,assassin,defensive,aggressive,1,1,normalDamage,8,false,false,false,8,6,7,7,11,12,false,false,0,1,1,1,0,0
profile,9,assassin,assassin,defensive,aggressive,0,1,normalDamage,10,false,false,true,21,12,10,9,14,15,false,false,1,1,3,2,0,0
profile,10,assassin,assassin,defensive,aggressive,1,0,normalDamage,9,false,false,true,9,16,8,9,14,13,false,false,1,1,3,2,0,0
profile,1,assassin,assassin,defensive,balanced,1,1,normalDamage,11,false,false,true,18,20,10,10,15,15,false,false,1,1,3,3,0,0
profile,2,assassin,assassin,defensive,balanced,1,1,normalDamage,14,false,false,true,27,32,13,13,18,18,false,false,1,2,3,4,0,0
profile,3,assassin,assassin,defensive,balanced,0,1,normalDamage,9,false,false,true,16,11,9,8,13,14,false,false,1,1,2,1,0,0
profile,4,assassin,assassin,defensive,balanced,0,1,normalDamage,10,false,false,true,20,14,10,9,13,15,false,false,1,1,3,4,0,0
profile,5,assassin,assassin,defensive,balanced,0,1,normalDamage,9,false,false,true,16,10,9,8,13,14,false,false,1,1,1,3,0,0
profile,6,assassin,assassin,defensive,balanced,1,0,normalDamage,9,false,false,true,10,14,8,9,14,13,false,false,1,1,3,1,0,0
profile,7,assassin,assassin,defensive,balanced,0,1,normalDamage,10,false,false,true,17,12,10,9,14,15,false,false,1,1,4,3,0,0
profile,8,assassin,assassin,defensive,balanced,1,0,normalDamage,8,false,false,true,8,11,7,8,12,12,false,false,1,1,2,1,0,0
profile,9,assassin,assassin,defensive,balanced,0,1,normalDamage,10,false,false,true,21,12,10,9,14,15,false,false,1,1,3,2,0,0
profile,10,assassin,assassin,defensive,balanced,1,0,normalDamage,8,false,false,true,5,11,7,8,13,12,false,false,1,1,3,2,0,0
profile,1,assassin,assassin,defensive,defensive,1,0,normalDamage,13,false,false,true,27,31,12,13,18,17,false,false,2,1,4,2,0,0
profile,2,assassin,assassin,defensive,defensive,1,0,normalDamage,9,false,false,true,10,16,8,9,14,13,false,false,1,1,4,2,0,0
profile,3,assassin,assassin,defensive,defensive,0,1,normalDamage,14,false,false,true,37,31,14,13,18,19,false,false,1,1,3,2,0,0
profile,4,assassin,assassin,defensive,defensive,0,1,normalDamage,14,false,false,true,36,31,14,13,18,19,false,false,1,2,4,3,0,0
profile,5,assassin,assassin,defensive,defensive,0,1,normalDamage,9,false,false,true,16,10,9,8,13,14,false,false,1,1,2,3,0,0
profile,6,assassin,assassin,defensive,defensive,1,0,normalDamage,9,false,false,true,10,16,8,9,14,13,false,false,1,1,3,2,0,0
profile,7,assassin,assassin,defensive,defensive,0,0,normalDamage,10,false,false,true,13,13,9,9,14,14,false,false,1,1,4,3,0,0
profile,8,assassin,assassin,defensive,defensive,1,0,normalDamage,8,false,false,true,8,11,7,8,12,12,false,false,1,1,2,1,0,0
profile,9,assassin,assassin,defensive,defensive,0,1,normalDamage,11,false,false,true,24,16,11,10,15,16,false,false,1,1,4,2,0,0
profile,10,assassin,assassin,defensive,defensive,1,0,normalDamage,9,false,false,true,9,16,8,9,14,13,false,false,1,1,3,2,0,0
profile,1,archer,archer,aggressive,aggressive,1,1,normalDamage,6,false,false,false,2,0,5,6,8,10,false,false,0,0,1,0,6,6
profile,2,archer,archer,aggressive,aggressive,1,1,normalDamage,7,false,false,false,4,3,6,6,10,11,false,false,0,0,0,1,2,8
profile,3,archer,archer,aggressive,aggressive,0,1,normalDamage,8,false,false,true,14,10,8,7,11,12,false,false,0,0,1,0,8,8
profile,4,archer,archer,aggressive,aggressive,0,0,normalDamage,7,false,false,false,5,4,6,6,11,10,false,false,0,0,1,1,8,10
profile,5,archer,archer,aggressive,aggressive,0,0,normalDamage,6,false,false,false,0,1,6,5,10,9,false,false,0,0,1,1,6,6
profile,6,archer,archer,aggressive,aggressive,1,0,normalDamage,6,false,false,false,0,6,5,6,10,9,false,false,0,0,1,0,10,2
profile,7,archer,archer,aggressive,aggressive,0,1,normalDamage,7,false,false,false,10,3,7,6,10,11,false,false,0,0,1,1,10,8
profile,8,archer,archer,aggressive,aggressive,1,1,normalDamage,6,false,false,false,0,0,5,5,8,8,false,false,0,0,1,0,10,6
profile,9,archer,archer,aggressive,aggressive,0,1,normalDamage,6,false,false,false,3,0,6,5,10,9,false,false,0,0,0,1,6,8
profile,10,archer,archer,aggressive,aggressive,1,0,normalDamage,5,false,false,false,0,0,4,5,7,7,false,false,0,0,0,1,10,4
profile,1,archer,archer,aggressive,balanced,1,1,normalDamage,6,false,false,false,2,0,5,6,8,10,false,false,0,0,1,0,6,6
profile,2,archer,archer,aggressive,balanced,1,1,normalDamage,7,false,false,false,4,3,6,6,10,11,false,false,0,0,1,1,2,8
profile,3,archer,archer,aggressive,balanced,0,1,normalDamage,8,false,false,true,14,11,8,7,11,11,false,false,0,0,1,0,8,12
profile,4,archer,archer,aggressive,balanced,0,1,normalDamage,6,false,false,false,7,1,6,5,9,9,false,false,0,0,1,1,8,12
profile,5,archer,archer,aggressive,balanced,0,0,normalDamage,6,false,false,false,0,2,6,5,10,8,false,false,0,0,1,1,8,6
profile,6,archer,archer,aggressive,balanced,1,0,normalDamage,7,false,false,false,2,8,6,7,12,11,false,false,0,0,1,0,10,6
profile,7,archer,archer,aggressive,balanced,0,1,normalDamage,7,false,false,false,6,3,7,6,11,12,false,false,0,0,1,1,10,8
profile,8,archer,archer,aggressive,balanced,1,1,normalDamage,6,false,false,false,0,0,5,5,8,8,false,false,0,0,1,0,10,6
profile,9,archer,archer,aggressive,balanced,0,1,normalDamage,6,false,false,false,3,1,6,5,10,9,false,false,0,0,0,1,6,12
profile,10,archer,archer,aggressive,balanced,1,1,normalDamage,8,false,false,false,8,10,7,8,11,12,false,false,0,0,1,1,12,8
profile,1,archer,archer,aggressive,defensive,1,0,normalDamage,6,false,false,false,0,4,5,6,10,9,false,false,0,0,1,0,6,6
profile,2,archer,archer,aggressive,defensive,1,0,normalDamage,7,false,false,false,4,5,6,7,11,11,false,false,0,0,1,1,2,10
profile,3,archer,archer,aggressive,defensive,0,1,normalDamage,7,false,false,false,9,5,7,6,10,11,false,false,0,0,1,1,8,8
profile,4,archer,archer,aggressive,defensive,0,1,normalDamage,6,false,false,false,7,1,6,5,9,9,false,false,0,0,1,1,8,12
profile,5,archer,archer,aggressive,defensive,0,1,normalDamage,9,false,false,true,10,12,8,8,12,12,false,false,0,0,1,0,8,14
profile,6,archer,archer,aggressive,defensive,1,0,normalDamage,7,false,false,false,2,8,6,7,12,11,false,false,0,0,1,0,10,6
profile,7,archer,archer,aggressive,defensive,0,1,normalDamage,7,false,false,false,10,3,7,6,10,12,false,false,0,0,1,1,10,8
profile,8,archer,archer,aggressive,defensive,1,1,normalDamage,6,false,false,false,0,1,5,5,8,9,false,false,0,0,1,0,10,6
profile,9,archer,archer,aggressive,defensive,0,1,normalDamage,6,false,false,false,3,1,6,5,10,9,false,false,0,0,0,1,6,12
profile,10,archer,archer,aggressive,defensive,1,1,normalDamage,6,false,false,false,0,0,5,5,7,8,false,false,0,0,0,1,8,4
profile,1,archer,archer,balanced,aggressive,1,0,normalDamage,7,false,false,false,4,5,6,7,10,11,false,false,0,0,1,0,6,8
profile,2,archer,archer,balanced,aggressive,1,1,normalDamage,6,false,false,false,3,1,5,5,8,10,false,false,0,0,0,1,2,8
profile,3,archer,archer,balanced,aggressive,0,1,normalDamage,8,false,false,true,14,10,8,7,11,12,false,false,0,0,1,0,8,8
profile,4,archer,archer,balanced,aggressive,0,0,normalDamage,7,false,false,false,5,4,6,6,11,10,false,false,0,0,1,1,8,10
profile,5,archer,archer,balanced,aggressive,0,0,normalDamage,6,false,false,false,0,0,6,5,10,8,false,false,0,0,0,1,6,6
profile,6,archer,archer,balanced,aggressive,1,0,normalDamage,7,false,false,false,2,8,6,7,12,11,false,false,0,0,1,0,10,6
profile,7,archer,archer,balanced,aggressive,0,1,normalDamage,7,false,false,false,10,3,7,6,10,11,false,false,0,0,1,1,10,8
profile,8,archer,archer,balanced,aggressive,1,1,normalDamage,6,false,false,false,0,0,5,5,8,8,false,false,0,0,0,0,10,6
profile,9,archer,archer,balanced,aggressive,0,0,normalDamage,7,false,false,false,3,3,6,6,11,10,false,false,0,0,0,1,6,8
profile,10,archer,archer,balanced,aggressive,1,0,normalDamage,5,false,false,false,0,0,4,5,7,7,false,false,0,0,0,1,10,4
profile,1,archer,archer,balanced,balanced,1,0,normalDamage,8,false,false,false,4,5,7,7,12,11,false,false,0,0,1,0,8,8
profile,2,archer,archer,balanced,balanced,1,1,normalDamage,6,false,false,false,3,1,5,5,8,10,false,false,0,0,1,1,2,8
profile,3,archer,archer,balanced,balanced,0,1,normalDamage,8,false,false,true,14,11,8,7,11,11,false,false,0,0,1,0,8,12
profile,4,archer,archer,balanced,balanced,0,1,normalDamage,6,false,false,false,7,1,6,5,9,9,false,false,0,0,1,1,8,12
profile,5,archer,archer,balanced,balanced,0,0,normalDamage,6,false,false,false,0,0,6,5,10,8,false,false,0,0,0,0,8,6
profile,6,archer,archer,balanced,balanced,1,0,normalDamage,7,false,false,false,2,4,6,6,11,10,false,false,0,0,1,0,12,2
profile,7,archer,archer,balanced,balanced,0,1,normalDamage,7,false,false,false,6,3,7,6,11,12,false,false,0,0,1,1,10,8
profile,8,archer,archer,balanced,balanced,1,1,normalDamage,6,false,false,false,0,0,5,5,8,8,false,false,0,0,0,0,10,6
profile,9,archer,archer,balanced,balanced,0,1,normalDamage,8,false,false,true,10,9,8,7,12,11,false,false,0,0,1,1,8,12
profile,10,archer,archer,balanced,balanced,1,1,normalDamage,6,false,false,false,0,0,5,5,8,8,false,false,0,0,0,0,10,4
profile,1,archer,archer,balanced,defensive,1,0,normalDamage,6,false,false,false,0,4,5,6,10,9,false,false,0,0,1,0,6,6
profile,2,archer,archer,balanced,defensive,1,1,normalDamage,7,false,false,false,4,4,6,6,10,10,false,false,0,0,1,1,2,12
profile,3,archer,archer,balanced,defensive,0,1,normalDamage,7,false,false,false,9,5,7,6,10,11,false,false,0,0,1,1,8,8
profile,4,archer,archer,balanced,defensive,0,1,normalDamage,6,false,false,false,7,1,6,5,9,9,false,false,0,0,1,1,8,12
profile,5,archer,archer,balanced,defensive,0,1,normalDamage,9,false,false,true,10,12,8,8,12,12,false,false,0,0,1,0,8,14
profile,6,archer,archer,balanced,defensive,1,0,normalDamage,7,false,false,false,2,8,6,7,12,11,false,false,0,0,1,0,12,6
profile,7,archer,archer,balanced,defensive,0,1,normalDamage,7,false,false,false,10,3,7,6,10,12,false,false,0,0,1,1,10,8
profile,8,archer,archer,balanced,defensive,1,1,normalDamage,6,false,false,false,0,1,5,5,8,8,false,false,0,0,0,0,10,6
profile,9,archer,archer,balanced,defensive,0,0,normalDamage,7,false,false,false,3,5,6,6,11,9,false,false,0,0,0,0,6,12
profile,10,archer,archer,balanced,defensive,1,1,normalDamage,6,false,false,false,0,0,5,5,8,8,false,false,0,0,0,1,8,4
profile,1,archer,archer,defensive,aggressive,1,0,normalDamage,7,false,false,false,4,5,6,7,10,11,false,false,0,0,1,0,6,8
profile,2,archer,archer,defensive,aggressive,1,1,normalDamage,7,false,false,false,6,5,6,6,9,11,false,false,0,0,0,1,2,8
profile,3,archer,archer,defensive,aggressive,0,1,normalDamage,7,false,false,false,9,5,7,6,10,11,false,false,0,0,1,1,8,8
profile,4,archer,archer,defensive,aggressive,0,0,normalDamage,7,false,false,false,5,4,6,6,11,10,false,false,0,0,1,1,8,10
profile,5,archer,archer,defensive,aggressive,0,1,normalDamage,9,false,false,true,19,12,9,8,11,13,false,false,0,0,1,1,12,8
profile,6,archer,archer,defensive,aggressive,1,0,normalDamage,7,false,false,false,2,10,6,7,12,10,false,false,0,0,1,1,12,6
profile,7,archer,archer,defensive,aggressive,0,1,normalDamage,7,false,false,false,10,4,7,6,10,11,false,false,0,0,1,1,10,8
profile,8,archer,archer,defensive,aggressive,1,1,normalDamage,7,false,false,false,7,5,6,7,8,11,false,false,0,0,1,0,12,10
profile,9,archer,archer,defensive,aggressive,0,0,normalDamage,6,false,false,false,3,0,6,5,10,6,false,false,0,0,0,0,6,8
profile,10,archer,archer,defensive,aggressive,1,0,normalDamage,5,false,false,false,0,0,4,5,7,7,false,false,0,0,0,1,10,4
profile,1,archer,archer,defensive,balanced,1,0,normalDamage,8,false,false,false,4,5,7,7,12,11,false,false,0,0,1,0,8,8
profile,2,archer,archer,defensive,balanced,1,1,normalDamage,7,false,false,false,5,3,6,6,9,11,false,false,0,0,1,1,2,8
profile,3,archer,archer,defensive,balanced,0,1,normalDamage,7,false,false,false,9,5,7,6,10,11,false,false,0,0,1,1,8,8
profile,4,archer,archer,defensive,balanced,0,0,normalDamage,7,false,false,false,7,5,6,6,11,9,false,false,0,0,1,1,10,12
profile,5,archer,archer,defensive,balanced,0,1,normalDamage,9,false,false,true,14,12,9,8,12,13,false,false,0,0,0,1,8,8
profile,6,archer,archer,defensive,balanced,1,0,normalDamage,7,false,false,false,4,8,6,7,11,11,false,false,0,0,1,1,12,6
profile,7,archer,archer,defensive,balanced,0,1,normalDamage,7,false,false,false,10,3,7,6,10,12,false,false,0,0,1,1,10,8
profile,8,archer,archer,defensive,balanced,1,1,normalDamage,6,false,false,false,1,1,5,5,8,9,false,false,0,0,1,0,10,6
profile,9,archer,archer,defensive,balanced,0,1,normalDamage,7,false,false,false,5,3,7,6,11,11,false,false,0,0,0,1,10,12
profile,10,archer,archer,defensive,balanced,1,0,normalDamage,6,false,false,false,0,0,5,5,8,7,false,false,0,0,0,0,10,4
profile,1,archer,archer,defensive,defensive,1,0,normalDamage,6,false,false,false,0,4,5,6,10,9,false,false,0,0,1,0,6,6
profile,2,archer,archer,defensive,defensive,1,1,normalDamage,7,false,false,false,4,4,6,6,10,10,false,false,0,0,1,1,2,12
profile,3,archer,archer,defensive,defensive,0,1,normalDamage,8,false,false,false,9,4,7,7,10,12,false,false,0,0,0,1,8,6
profile,4,archer,archer,defensive,defensive,0,0,normalDamage,7,false,false,false,7,5,6,6,11,9,false,false,0,0,1,1,10,12
profile,5,archer,archer,defensive,defensive,0,1,normalDamage,9,false,false,true,10,12,8,8,12,12,false,false,0,0,1,1,8,14
profile,6,archer,archer,defensive,defensive,1,0,normalDamage,7,false,false,false,2,10,6,7,12,10,false,false,0,0,1,0,12,6
profile,7,archer,archer,defensive,defensive,0,1,normalDamage,7,false,false,false,10,4,7,6,10,11,false,false,0,0,1,1,10,8
profile,8,archer,archer,defensive,defensive,1,1,normalDamage,6,false,false,false,1,1,5,5,8,9,false,false,0,0,1,0,10,6
profile,9,archer,archer,defensive,defensive,0,0,normalDamage,7,false,false,false,3,5,6,6,11,9,false,false,0,0,0,1,6,12
profile,10,archer,archer,defensive,defensive,1,1,normalDamage,6,false,false,false,2,0,5,5,8,9,false,false,0,0,1,1,6,6
